{
	"model": {
		"type": "minecraft:condition",
		"on_false": {
			"type": "minecraft:model",
			"model": "minecraft:item/bow"
		},
		"on_true": {
			"type": "minecraft:range_dispatch",
			"entries": [
				{
					"model": {
						"type": "minecraft:composite",
						"models": [
							{
								"type": "minecraft:model",
								"model": "item/bow_pulling_1"
							},
							{
								"type": "minecraft:model",
								"model": "item/bow_arrow_1"
							}
						]
					},
					"threshold": 0.125
				},
				{
					"model": {
						"type": "minecraft:composite",
						"models": [
							{
								"type": "minecraft:model",
								"model": "item/bow_pulling_2"
							},
							{
								"type": "minecraft:model",
								"model": "item/bow_arrow_2"
							}
						]
					},
					"threshold": 0.4
				},
				{
					"model": {
						"type": "minecraft:composite",
						"models": [
							{
								"type": "minecraft:model",
								"model": "item/bow_pulling_3"
							},
							{
								"type": "minecraft:model",
								"model": "item/bow_arrow_3"
							}
						]
					},
					"threshold": 0.7
				},
				{
					"model": {
						"type": "minecraft:composite",
						"models": [
							{
								"type": "minecraft:model",
								"model": "item/bow_pulling_4"
							},
							{
								"type": "minecraft:model",
								"model": "item/bow_arrow_4"
							}
						]
					},
					"threshold": 1
				}
			],
			"fallback": {
				"type": "minecraft:composite",
				"models": [
					{
						"type": "minecraft:model",
						"model": "item/bow_pulling_0"
					},
					{
						"type": "minecraft:model",
						"model": "item/bow_arrow_0"
					}
				]
			},
			"property": "minecraft:use_duration",
			"scale": 0.05
		},
		"property": "minecraft:using_item"
	}
}