{
	"model": {
		"type": "minecraft:condition",
		"property": "minecraft:has_component",
		"component": "minecraft:custom_name",
		"on_true": {
			"type": "minecraft:model",
			"model": "minecraft:item/firework_star_fixed",
			"tints": [
				{
					"type": "minecraft:constant",
					"value": -1
				},
				{
					"type": "minecraft:firework",
					"default": -7697782
				}
			]
		},
		"on_false": {
			"type": "minecraft:model",
			"model": "minecraft:item/firework_star",
			"tints": [
				{
					"type": "minecraft:constant",
					"value": -1
				},
				{
					"type": "minecraft:firework",
					"default": -7697782
				}
			]
		}
	}
}