{
	"model": {
		"type": "minecraft:composite",
		"models": [
			{
				"type": "minecraft:model",
				"model": "minecraft:item/golden_chestplate"
			},
			{
				"type": "minecraft:select",
				"cases": [
					{
						"model": {
							"type": "minecraft:model",
							"model": "minecraft:item/trims/chestplate_quartz"
						},
						"when": "minecraft:quartz"
					},
					{
						"model": {
							"type": "minecraft:model",
							"model": "minecraft:item/trims/chestplate_iron"
						},
						"when": "minecraft:iron"
					},
					{
						"model": {
							"type": "minecraft:model",
							"model": "minecraft:item/trims/chestplate_netherite"
						},
						"when": "minecraft:netherite"
					},
					{
						"model": {
							"type": "minecraft:model",
							"model": "minecraft:item/trims/chestplate_redstone"
						},
						"when": "minecraft:redstone"
					},
					{
						"model": {
							"type": "minecraft:model",
							"model": "minecraft:item/trims/chestplate_copper"
						},
						"when": "minecraft:copper"
					},
					{
						"model": {
							"type": "minecraft:model",
							"model": "minecraft:item/trims/chestplate_gold_darker"
						},
						"when": "minecraft:gold"
					},
					{
						"model": {
							"type": "minecraft:model",
							"model": "minecraft:item/trims/chestplate_emerald"
						},
						"when": "minecraft:emerald"
					},
					{
						"model": {
							"type": "minecraft:model",
							"model": "minecraft:item/trims/chestplate_diamond"
						},
						"when": "minecraft:diamond"
					},
					{
						"model": {
							"type": "minecraft:model",
							"model": "minecraft:item/trims/chestplate_lapis"
						},
						"when": "minecraft:lapis"
					},
					{
						"model": {
							"type": "minecraft:model",
							"model": "minecraft:item/trims/chestplate_amethyst"
						},
						"when": "minecraft:amethyst"
					},
					{
						"model": {
							"type": "minecraft:model",
							"model": "minecraft:item/trims/chestplate_resin"
						},
						"when": "minecraft:resin"
					}
				],
				"fallback": {
					"type": "minecraft:empty"
				},
				"property": "minecraft:trim_material"
			}
		]
	}
}