{
	"model": {
		"type": "minecraft:condition",
		"property": "minecraft:has_component",
		"component": "minecraft:custom_name",
		"on_true": {
			"type": "minecraft:composite",
			"models": [
				{
					"type": "minecraft:model",
					"model": "minecraft:item/glass_bottle_fixed"
				},
				{
					"type": "minecraft:model",
					"model": "minecraft:item/honey_bottle_fixed"
				}
			]
		},
		"on_false": {
			"type": "minecraft:composite",
			"models": [
				{
					"type": "minecraft:model",
					"model": "minecraft:item/glass_bottle"
				},
				{
					"type": "minecraft:model",
					"model": "minecraft:item/honey_bottle"
				}
			]
		}
	}
}