{
	"model": {
		"type": "minecraft:composite",
		"models": [
			{
				"type": "minecraft:model",
				"model": "minecraft:item/iron_boots"
			},
			{
				"type": "minecraft:select",
				"cases": [
					{
						"model": {
							"type": "minecraft:model",
							"model": "minecraft:item/trims/boots_quartz"
						},
						"when": "minecraft:quartz"
					},
					{
						"model": {
							"type": "minecraft:model",
							"model": "minecraft:item/trims/boots_iron_darker"
						},
						"when": "minecraft:iron"
					},
					{
						"model": {
							"type": "minecraft:model",
							"model": "minecraft:item/trims/boots_netherite"
						},
						"when": "minecraft:netherite"
					},
					{
						"model": {
							"type": "minecraft:model",
							"model": "minecraft:item/trims/boots_redstone"
						},
						"when": "minecraft:redstone"
					},
					{
						"model": {
							"type": "minecraft:model",
							"model": "minecraft:item/trims/boots_copper"
						},
						"when": "minecraft:copper"
					},
					{
						"model": {
							"type": "minecraft:model",
							"model": "minecraft:item/trims/boots_gold"
						},
						"when": "minecraft:gold"
					},
					{
						"model": {
							"type": "minecraft:model",
							"model": "minecraft:item/trims/boots_emerald"
						},
						"when": "minecraft:emerald"
					},
					{
						"model": {
							"type": "minecraft:model",
							"model": "minecraft:item/trims/boots_diamond"
						},
						"when": "minecraft:diamond"
					},
					{
						"model": {
							"type": "minecraft:model",
							"model": "minecraft:item/trims/boots_lapis"
						},
						"when": "minecraft:lapis"
					},
					{
						"model": {
							"type": "minecraft:model",
							"model": "minecraft:item/trims/boots_amethyst"
						},
						"when": "minecraft:amethyst"
					},
					{
						"model": {
							"type": "minecraft:model",
							"model": "minecraft:item/trims/boots_resin"
						},
						"when": "minecraft:resin"
					}
				],
				"fallback": {
					"type": "minecraft:empty"
				},
				"property": "minecraft:trim_material"
			}
		]
	}
}