{
	"model": {
		"type": "minecraft:composite",
		"models": [
			{
				"type": "minecraft:model",
				"model": "item/bucket"
			},
			{
				"type": "minecraft:model",
				"model": "item/water_bucket",
				"tints": [
					{
						"type": "minecraft:constant",
						"value": 4159204
					}
				]
			},
			{
				"type": "minecraft:model",
				"model": "item/tropical_fish_bucket_base",
				"tints": [
					{
						"type": "minecraft:constant",
						"value": 16351261
					}
				]
			},
			{
				"type": "minecraft:model",
				"model": "item/tropical_fish_bucket_pattern",
				"tints": [
					{
						"type": "minecraft:constant",
						"value": 16383998
					}
				]
			}
		]
	}
}