{
	"model": {
		"type": "minecraft:composite",
		"models": [
			{
				"type": "minecraft:model",
				"model": "minecraft:item/wolf_armor"
			},
			{
				"type": "minecraft:condition",
				"component": "minecraft:dyed_color",
				"on_false": {
					"type": "minecraft:empty"
				},
				"on_true": {
					"type": "minecraft:model",
					"model": "minecraft:item/wolf_armor_dyed",
					"tints": [
						{
							"type": "minecraft:dye",
							"default": 0
						}
					]
				},
				"property": "minecraft:has_component"
			},
			{
				"type": "minecraft:range_dispatch",
				"entries": [
					{
						"model": {
							"type": "minecraft:model",
							"model": "minecraft:item/wolf_armor_crackiness_low"
						},
						"threshold": 0.0625
					},
					{
						"model": {
							"type": "minecraft:model",
							"model": "minecraft:item/wolf_armor_crackiness_medium"
						},
						"threshold": 0.3125
					},
					{
						"model": {
							"type": "minecraft:model",
							"model": "minecraft:item/wolf_armor_crackiness_high"
						},
						"threshold": 0.6875
					}
				],
				"fallback": {
					"type": "minecraft:empty"
				},
				"property": "minecraft:damage"
			}
		]
	}
}