{
	"parent": "item/display/amethyst_shard",
	"textures": {
		"all": "model/amethyst_shard",
		"particle": "item/amethyst_shard"
	},
	"elements": [
		{
			"from": [6.5, 4, 6.5],
			"to": [9.5, 12, 9.5],
			"faces": {
				"north": {"uv": [3, 3, 6, 11], "texture": "#all"},
				"east": {"uv": [0, 3, 3, 11], "texture": "#all"},
				"south": {"uv": [9, 3, 12, 11], "texture": "#all"},
				"west": {"uv": [6, 3, 9, 11], "texture": "#all"},
				"up": {"uv": [6, 3, 3, 0], "texture": "#all"},
				"down": {"uv": [9, 0, 6, 3], "texture": "#all"}
			}
		}
	]
}