{
	"parent": "item/display/armadillo_scute",
	"textures": {
		"all": "model/armadillo_scute",
		"particle": "item/armadillo_scute"
	},
	"elements": [
		{
			"from": [5, 7, 4.5],
			"to": [11, 8, 11.5],
			"faces": {
				"north": {"uv": [3.5, 3.5, 6.5, 4], "texture": "#all"},
				"east": {"uv": [0, 3.5, 3.5, 4], "texture": "#all"},
				"south": {"uv": [10, 3.5, 13, 4], "texture": "#all"},
				"west": {"uv": [6.5, 3.5, 10, 4], "texture": "#all"},
				"up": {"uv": [6.5, 3.5, 3.5, 0], "texture": "#all"},
				"down": {"uv": [9.5, 0, 6.5, 3.5], "texture": "#all"}
			}
		},
		{
			"from": [10.99, 7.99, 11.49],
			"to": [5.01, 7.01, 4.51],
			"faces": {
				"north": {"uv": [10, 3.5, 13, 4], "rotation": 180, "texture": "#all"},
				"east": {"uv": [0, 3.5, 3.5, 4], "rotation": 180, "texture": "#all"},
				"south": {"uv": [3.5, 3.5, 6.5, 4], "rotation": 180, "texture": "#all"},
				"west": {"uv": [6.5, 3.5, 10, 4], "rotation": 180, "texture": "#all"},
				"up": {"uv": [9.5, 0, 6.5, 3.5], "texture": "#all"},
				"down": {"uv": [6.5, 3.5, 3.5, 0], "texture": "#all"}
			}
		}
	]
}