{
	"parent": "item/template/chest_boat",
	"textures": {
		"all": "entity/chest_boat/bamboo"
	},
	"elements": [
		{
			"from": [0, 1, -6],
			"to": [16, 5, 22],
			"faces": {
				"north": {"uv": [4, 0.5, 4.5, 2.5], "rotation": 270, "texture": "#all"},
				"east": {"uv": [0.5, 0, 4, 0.5], "texture": "#all"},
				"south": {"uv": [0, 0.5, 0.5, 2.5], "rotation": 90, "texture": "#all"},
				"west": {"uv": [7.5, 0, 4, 0.5], "texture": "#all"},
				"up": {"uv": [4.5, 0.5, 8, 2.5], "rotation": 90, "texture": "#all"},
				"down": {"uv": [0.5, 0.5, 4, 2.5], "rotation": 90, "texture": "#all"}
			}
		},
		{
			"from": [-2, 5, -6],
			"to": [18, 9, 22],
			"faces": {
				"north": {"uv": [4, 0.5, 4.5, 3], "rotation": 270, "texture": "#all"},
				"east": {"uv": [0.5, 0, 4, 0.5], "texture": "#all"},
				"south": {"uv": [0, 0.5, 0.5, 3], "rotation": 90, "texture": "#all"},
				"west": {"uv": [7.5, 0, 4, 0.5], "texture": "#all"},
				"up": {"uv": [4.5, 0.5, 8, 3], "rotation": 90, "texture": "#all"},
				"down": {"uv": [0.5, 0.5, 4, 3], "rotation": 90, "texture": "#all"}
			}
		},
		{
			"from": [-1.5, 13, 3],
			"to": [16.5, 15, 5],
			"rotation": {"angle": 45, "axis": "z", "origin": [8, 0, 8]},
			"faces": {
				"north": {"uv": [2.5, 5.25, 4.75, 5.5], "texture": "#all"},
				"east": {"uv": [2.25, 5.25, 2.5, 5.5], "texture": "#all"},
				"south": {"uv": [0, 5.25, 2.25, 5.5], "texture": "#all"},
				"west": {"uv": [4.75, 5.25, 5, 5.5], "texture": "#all"},
				"up": {"uv": [2.25, 3, 2.5, 5.25], "rotation": 270, "texture": "#all"},
				"down": {"uv": [2.75, 3, 2.5, 5.25], "rotation": 270, "texture": "#all"}
			}
		},
		{
			"from": [-0.5, 13, 3],
			"to": [17.5, 15, 5],
			"rotation": {"angle": -45, "axis": "z", "origin": [8, 0, 8]},
			"faces": {
				"north": {"uv": [5, 5.25, 7.25, 5.5], "texture": "#all"},
				"east": {"uv": [9.75, 5.25, 10, 5.5], "texture": "#all"},
				"south": {"uv": [7.5, 5.25, 9.75, 5.5], "texture": "#all"},
				"west": {"uv": [7.25, 5.25, 7.5, 5.5], "texture": "#all"},
				"up": {"uv": [7.25, 3, 7.5, 5.25], "rotation": 90, "texture": "#all"},
				"down": {"uv": [7.75, 3, 7.5, 5.25], "rotation": 90, "texture": "#all"}
			}
		},
		{
			"from": [-3.5, 12, 4.01],
			"to": [3.5, 18, 5.01],
			"rotation": {"angle": 45, "axis": "z", "origin": [8, 0, 8]},
			"faces": {
				"north": {"uv": [1, 3.875, 1.875, 4.625], "texture": "#all"},
				"east": {"uv": [0.875, 3.875, 1, 4.625], "texture": "#all"},
				"south": {"uv": [0, 3.875, 0.875, 4.625], "texture": "#all"},
				"west": {"uv": [1.875, 3.875, 2, 4.625], "texture": "#all"},
				"up": {"uv": [0.875, 3, 1, 3.875], "rotation": 270, "texture": "#all"},
				"down": {"uv": [1.125, 3, 1, 3.875], "rotation": 270, "texture": "#all"}
			}
		},
		{
			"from": [12.5, 12, 4.01],
			"to": [19.5, 18, 5.01],
			"rotation": {"angle": -45, "axis": "z", "origin": [8, 0, 8]},
			"faces": {
				"north": {"uv": [5, 3.875, 5.875, 4.625], "texture": "#all"},
				"east": {"uv": [6.875, 3.875, 7, 4.625], "texture": "#all"},
				"south": {"uv": [6, 3.875, 6.875, 4.625], "texture": "#all"},
				"west": {"uv": [5.875, 3.875, 6, 4.625], "texture": "#all"},
				"up": {"uv": [6, 3, 6.125, 3.875], "rotation": 90, "texture": "#all"},
				"down": {"uv": [6, 3, 5.875, 3.875], "rotation": 90, "texture": "#all"}
			}
		},
		{
			"from": [2, 9, 10],
			"to": [14, 17, 22],
			"faces": {
				"north": {"uv": [1.5, 11, 3, 12], "texture": "#all"},
				"east": {"uv": [0, 11, 1.5, 12], "texture": "#all"},
				"south": {"uv": [4.5, 11, 6, 12], "texture": "#all"},
				"west": {"uv": [3, 11, 4.5, 12], "texture": "#all"},
				"up": {"uv": [3, 11, 1.5, 9.5], "texture": "#all"},
				"down": {"uv": [4.5, 9.5, 3, 11], "texture": "#all"}
			}
		},
		{
			"from": [2, 17, 10],
			"to": [14, 21, 22],
			"faces": {
				"north": {"uv": [1.5, 8.875, 3, 9.375], "texture": "#all"},
				"east": {"uv": [0, 8.875, 1.5, 9.375], "texture": "#all"},
				"south": {"uv": [4.5, 8.875, 6, 9.375], "texture": "#all"},
				"west": {"uv": [3, 8.875, 4.5, 9.375], "texture": "#all"},
				"up": {"uv": [3, 8.875, 1.5, 7.375], "texture": "#all"},
				"down": {"uv": [4.5, 7.375, 3, 8.875], "texture": "#all"}
			}
		},
		{
			"from": [7, 14, 9],
			"to": [9, 18, 10],
			"faces": {
				"north": {"uv": [0.125, 7.5, 0.375, 8], "texture": "#all"},
				"east": {"uv": [0, 7.5, 0.125, 8], "texture": "#all"},
				"south": {"uv": [0.5, 7.5, 0.75, 8], "texture": "#all"},
				"west": {"uv": [0.375, 7.5, 0.5, 8], "texture": "#all"},
				"up": {"uv": [0.375, 7.5, 0.125, 7.375], "texture": "#all"},
				"down": {"uv": [0.625, 7.375, 0.375, 7.5], "texture": "#all"}
			}
		}
	]
}