{
	"parent": "item/template/boat",
	"textures": {
		"all": "entity/boat/bamboo"
	},
	"elements": [
		{
			"from": [0, 1, -6],
			"to": [16, 5, 22],
			"faces": {
				"north": {"uv": [4, 1, 4.5, 5], "rotation": 270, "texture": "#all"},
				"east": {"uv": [0.5, 0, 4, 1], "texture": "#all"},
				"south": {"uv": [0, 1, 0.5, 5], "rotation": 90, "texture": "#all"},
				"west": {"uv": [7.5, 0, 4, 1], "texture": "#all"},
				"up": {"uv": [4.5, 1, 8, 5], "rotation": 90, "texture": "#all"},
				"down": {"uv": [0.5, 1, 4, 5], "rotation": 90, "texture": "#all"}
			}
		},
		{
			"from": [-2, 5, -6],
			"to": [18, 9, 22],
			"faces": {
				"north": {"uv": [4, 1, 4.5, 6], "rotation": 270, "texture": "#all"},
				"east": {"uv": [0.5, 0, 4, 1], "texture": "#all"},
				"south": {"uv": [0, 1, 0.5, 6], "rotation": 90, "texture": "#all"},
				"west": {"uv": [7.5, 0, 4, 1], "texture": "#all"},
				"up": {"uv": [4.5, 1, 8, 6], "rotation": 90, "texture": "#all"},
				"down": {"uv": [0.5, 1, 4, 6], "rotation": 90, "texture": "#all"}
			}
		},
		{
			"from": [-1.5, 13, 3],
			"to": [16.5, 15, 5],
			"rotation": {"angle": 45, "axis": "z", "origin": [8, 0, 8]},
			"faces": {
				"north": {"uv": [2.5, 10.5, 4.75, 11], "texture": "#all"},
				"east": {"uv": [2.25, 10.5, 2.5, 11], "texture": "#all"},
				"south": {"uv": [0, 10.5, 2.25, 11], "texture": "#all"},
				"west": {"uv": [4.75, 10.5, 5, 11], "texture": "#all"},
				"up": {"uv": [2.25, 6, 2.5, 10.5], "rotation": 270, "texture": "#all"},
				"down": {"uv": [2.75, 6, 2.5, 10.5], "rotation": 270, "texture": "#all"}
			}
		},
		{
			"from": [-0.5, 13, 3],
			"to": [17.5, 15, 5],
			"rotation": {"angle": -45, "axis": "z", "origin": [8, 0, 8]},
			"faces": {
				"north": {"uv": [5, 10.5, 7.25, 11], "texture": "#all"},
				"east": {"uv": [9.75, 10.5, 10, 11], "texture": "#all"},
				"south": {"uv": [7.5, 10.5, 9.75, 11], "texture": "#all"},
				"west": {"uv": [7.25, 10.5, 7.5, 11], "texture": "#all"},
				"up": {"uv": [7.25, 6, 7.5, 10.5], "rotation": 90, "texture": "#all"},
				"down": {"uv": [7.75, 6, 7.5, 10.5], "rotation": 90, "texture": "#all"}
			}
		},
		{
			"from": [-3.5, 12, 4.01],
			"to": [3.5, 18, 5.01],
			"rotation": {"angle": 45, "axis": "z", "origin": [8, 0, 8]},
			"faces": {
				"north": {"uv": [1, 7.75, 1.875, 9.25], "texture": "#all"},
				"east": {"uv": [0.875, 7.75, 1, 9.25], "texture": "#all"},
				"south": {"uv": [0, 7.75, 0.875, 9.25], "texture": "#all"},
				"west": {"uv": [1.875, 7.75, 2, 9.25], "texture": "#all"},
				"up": {"uv": [0.875, 6, 1, 7.75], "rotation": 270, "texture": "#all"},
				"down": {"uv": [1.125, 6, 1, 7.75], "rotation": 270, "texture": "#all"}
			}
		},
		{
			"from": [12.5, 12, 4.01],
			"to": [19.5, 18, 5.01],
			"rotation": {"angle": -45, "axis": "z", "origin": [8, 0, 8]},
			"faces": {
				"north": {"uv": [5, 7.75, 5.875, 9.25], "texture": "#all"},
				"east": {"uv": [6.875, 7.75, 7, 9.25], "texture": "#all"},
				"south": {"uv": [6, 7.75, 6.875, 9.25], "texture": "#all"},
				"west": {"uv": [5.875, 7.75, 6, 9.25], "texture": "#all"},
				"up": {"uv": [6, 6, 6.125, 7.75], "rotation": 90, "texture": "#all"},
				"down": {"uv": [6, 6, 5.875, 7.75], "rotation": 90, "texture": "#all"}
			}
		}
	]
}