{
	"parent": "item/template/seeds",
	"textures": {
		"all": "model/beetroot_seeds",
		"particle": "item/beetroot_seeds"
	},
	"elements": [
		{
			"from": [5, 7, 3],
			"to": [7, 9, 5],
			"faces": {
				"north": {"uv": [2, 2, 4, 4], "texture": "#all"},
				"east": {"uv": [0, 2, 2, 4], "texture": "#all"},
				"south": {"uv": [6, 2, 8, 4], "texture": "#all"},
				"west": {"uv": [4, 2, 6, 4], "texture": "#all"},
				"up": {"uv": [4, 2, 2, 0], "texture": "#all"},
				"down": {"uv": [6, 0, 4, 2], "texture": "#all"}
			}
		},
		{
			"from": [3, 6, 7],
			"to": [5, 8, 9],
			"faces": {
				"north": {"uv": [2, 6, 4, 8], "texture": "#all"},
				"east": {"uv": [0, 6, 2, 8], "texture": "#all"},
				"south": {"uv": [6, 6, 8, 8], "texture": "#all"},
				"west": {"uv": [4, 6, 6, 8], "texture": "#all"},
				"up": {"uv": [4, 6, 2, 4], "texture": "#all"},
				"down": {"uv": [6, 4, 4, 6], "texture": "#all"}
			}
		},
		{
			"from": [7, 7, 10],
			"to": [9, 9, 12],
			"faces": {
				"north": {"uv": [2, 6, 4, 8], "texture": "#all"},
				"east": {"uv": [0, 6, 2, 8], "texture": "#all"},
				"south": {"uv": [6, 6, 8, 8], "texture": "#all"},
				"west": {"uv": [4, 6, 6, 8], "texture": "#all"},
				"up": {"uv": [4, 6, 2, 4], "texture": "#all"},
				"down": {"uv": [6, 4, 4, 6], "texture": "#all"}
			}
		},
		{
			"from": [10, 6, 8],
			"to": [12, 8, 10],
			"faces": {
				"north": {"uv": [2, 2, 4, 4], "texture": "#all"},
				"east": {"uv": [0, 2, 2, 4], "texture": "#all"},
				"south": {"uv": [6, 2, 8, 4], "texture": "#all"},
				"west": {"uv": [4, 2, 6, 4], "texture": "#all"},
				"up": {"uv": [4, 2, 2, 0], "texture": "#all"},
				"down": {"uv": [6, 0, 4, 2], "texture": "#all"}
			}
		},
		{
			"from": [6, 8, 6],
			"to": [8, 10, 8],
			"faces": {
				"north": {"uv": [2, 2, 4, 4], "texture": "#all"},
				"east": {"uv": [0, 2, 2, 4], "texture": "#all"},
				"south": {"uv": [6, 2, 8, 4], "texture": "#all"},
				"west": {"uv": [4, 2, 6, 4], "texture": "#all"},
				"up": {"uv": [4, 2, 2, 0], "texture": "#all"},
				"down": {"uv": [6, 0, 4, 2], "texture": "#all"}
			}
		},
		{
			"from": [9, 6, 4],
			"to": [11, 8, 6],
			"faces": {
				"north": {"uv": [2, 6, 4, 8], "texture": "#all"},
				"east": {"uv": [0, 6, 2, 8], "texture": "#all"},
				"south": {"uv": [6, 6, 8, 8], "texture": "#all"},
				"west": {"uv": [4, 6, 6, 8], "texture": "#all"},
				"up": {"uv": [4, 6, 2, 4], "texture": "#all"},
				"down": {"uv": [6, 4, 4, 6], "texture": "#all"}
			}
		}
	]
}