{
	"parent": "item/display/beetroot",
	"textures": {
		"all": "model/beetroot",
		"particle": "item/beetroot"
	},
	"elements": [
		{
			"from": [5.5, 5.5, 5.5],
			"to": [10.5, 10.5, 10.5],
			"faces": {
				"north": {"uv": [2.5, 2.5, 5, 5], "texture": "#all"},
				"east": {"uv": [0, 2.5, 2.5, 5], "texture": "#all"},
				"south": {"uv": [7.5, 2.5, 10, 5], "texture": "#all"},
				"west": {"uv": [5, 2.5, 7.5, 5], "texture": "#all"},
				"up": {"uv": [5, 2.5, 2.5, 0], "texture": "#all"},
				"down": {"uv": [7.5, 0, 5, 2.5], "texture": "#all"}
			}
		},
		{
			"from": [5, 10.5, 7.99],
			"to": [11, 16.5, 8.01],
			"rotation": {"angle": -45, "axis": "y", "origin": [8, 10.5, 8]},
			"faces": {
				"north": {"uv": [0, 5, 3, 8], "texture": "#all"},
				"south": {"uv": [3, 5, 6, 8], "texture": "#all"}
			}
		},
		{
			"from": [5, 10.5, 7.99],
			"to": [11, 16.5, 8.01],
			"rotation": {"angle": 45, "axis": "y", "origin": [8, 10.5, 8]},
			"faces": {
				"north": {"uv": [0, 5, 3, 8], "texture": "#all"},
				"south": {"uv": [3, 5, 6, 8], "texture": "#all"}
			}
		},
		{
			"from": [5, -0.5, 7.99],
			"to": [11, 5.5, 8.01],
			"rotation": {"angle": -45, "axis": "y", "origin": [8, 11, 8]},
			"faces": {
				"north": {"uv": [6, 5, 9, 8], "texture": "#all"},
				"south": {"uv": [9, 5, 12, 8], "texture": "#all"}
			}
		}
	]
}