{
	"parent": "item/template/dye",
	"textures": {
		"all": "model/black_dye",
		"particle": "item/black_dye"
	},
	"elements": [
		{
			"from": [4, 5, 4],
			"to": [12, 6, 12],
			"faces": {
				"north": {"uv": [4, 15.5, 8, 16], "texture": "#all"},
				"east": {"uv": [0, 15.5, 4, 16], "texture": "#all"},
				"south": {"uv": [12, 15.5, 16, 16], "texture": "#all"},
				"west": {"uv": [8, 15.5, 12, 16], "texture": "#all"},
				"up": {"uv": [8, 15.5, 4, 11.5], "texture": "#all"},
				"down": {"uv": [12, 11.5, 8, 15.5], "texture": "#all"}
			}
		},
		{
			"from": [5, 6, 6],
			"to": [11, 8, 11],
			"faces": {
				"north": {"uv": [2.5, 2.5, 5.5, 3.5], "texture": "#all"},
				"east": {"uv": [0, 2.5, 2.5, 3.5], "texture": "#all"},
				"south": {"uv": [8, 2.5, 11, 3.5], "texture": "#all"},
				"west": {"uv": [5.5, 2.5, 8, 3.5], "texture": "#all"},
				"up": {"uv": [5.5, 2.5, 2.5, 0], "texture": "#all"},
				"down": {"uv": [8.5, 0, 5.5, 2.5], "texture": "#all"}
			}
		},
		{
			"from": [4.5, 8, 6.5],
			"to": [7.5, 11, 9.5],
			"faces": {
				"north": {"uv": [9.5, 5, 11, 6.5], "texture": "#all"},
				"east": {"uv": [8, 5, 9.5, 6.5], "texture": "#all"},
				"south": {"uv": [12.5, 5, 14, 6.5], "texture": "#all"},
				"west": {"uv": [11, 5, 12.5, 6.5], "texture": "#all"},
				"up": {"uv": [11, 5, 9.5, 3.5], "texture": "#all"},
				"down": {"uv": [12.5, 3.5, 11, 5], "texture": "#all"}
			}
		},
		{
			"from": [6.5, 8, 5],
			"to": [10.5, 10, 9],
			"faces": {
				"north": {"uv": [2, 5.5, 4, 6.5], "texture": "#all"},
				"east": {"uv": [0, 5.5, 2, 6.5], "texture": "#all"},
				"south": {"uv": [6, 5.5, 8, 6.5], "texture": "#all"},
				"west": {"uv": [4, 5.5, 6, 6.5], "texture": "#all"},
				"up": {"uv": [4, 5.5, 2, 3.5], "texture": "#all"},
				"down": {"uv": [6, 3.5, 4, 5.5], "texture": "#all"}
			}
		}
	]
}