{
	"parent": "item/display/bone_meal",
	"textures": {
		"all": "model/bone_meal",
		"particle": "item/bone_meal"
	},
	"elements": [
		{
			"from": [3, 4, 8.75],
			"to": [13, 6, 10.75],
			"rotation": {"angle": -22.5, "axis": "y", "origin": [8.5, 5, 8]},
			"faces": {
				"north": {"uv": [1, 1, 6, 2], "texture": "#all"},
				"east": {"uv": [0, 1, 1, 2], "texture": "#all"},
				"south": {"uv": [7, 1, 12, 2], "texture": "#all"},
				"west": {"uv": [6, 1, 7, 2], "texture": "#all"},
				"up": {"uv": [6, 1, 1, 0], "texture": "#all"},
				"down": {"uv": [11, 0, 6, 1], "texture": "#all"}
			}
		},
		{
			"from": [1.75, 4, 7],
			"to": [11.75, 6, 9],
			"rotation": {"angle": -45, "axis": "z", "origin": [11.75, 4, 8]},
			"faces": {
				"north": {"uv": [1, 9, 6, 10], "texture": "#all"},
				"east": {"uv": [0, 9, 1, 10], "texture": "#all"},
				"south": {"uv": [7, 9, 12, 10], "texture": "#all"},
				"west": {"uv": [6, 9, 7, 10], "texture": "#all"},
				"up": {"uv": [6, 9, 1, 8], "texture": "#all"},
				"down": {"uv": [11, 8, 6, 9], "texture": "#all"}
			}
		},
		{
			"from": [7, 4, 2.25],
			"to": [9, 6, 12.25],
			"rotation": {"angle": 22.5, "axis": "x", "origin": [8.5, 4, 12.25]},
			"faces": {
				"north": {"uv": [6, 7, 7, 8], "texture": "#all"},
				"east": {"uv": [1, 7, 6, 8], "texture": "#all"},
				"south": {"uv": [12, 7, 13, 8], "texture": "#all"},
				"west": {"uv": [7, 7, 12, 8], "texture": "#all"},
				"up": {"uv": [7, 7, 6, 2], "texture": "#all"},
				"down": {"uv": [8, 2, 7, 7], "texture": "#all"}
			}
		},
		{
			"from": [8.25, 4.01, 6.5],
			"to": [12.25, 6.01, 8.5],
			"rotation": {"angle": 45, "axis": "y", "origin": [8.5, 5, 8]},
			"faces": {
				"north": {"uv": [1, 6, 3, 7], "texture": "#all"},
				"east": {"uv": [0, 6, 1, 7], "texture": "#all"},
				"south": {"uv": [4, 6, 6, 7], "texture": "#all"},
				"west": {"uv": [3, 6, 4, 7], "texture": "#all"},
				"up": {"uv": [3, 6, 1, 5], "texture": "#all"},
				"down": {"uv": [5, 5, 3, 6], "texture": "#all"}
			}
		},
		{
			"from": [5, 4, 5.5],
			"to": [7, 6, 11.5],
			"rotation": {"angle": -22.5, "axis": "x", "origin": [6, 4, 5.5]},
			"faces": {
				"north": {"uv": [11, 6, 12, 7], "texture": "#all"},
				"east": {"uv": [8, 6, 11, 7], "texture": "#all"},
				"south": {"uv": [15, 6, 16, 7], "texture": "#all"},
				"west": {"uv": [12, 6, 15, 7], "texture": "#all"},
				"up": {"uv": [12, 6, 11, 3], "texture": "#all"},
				"down": {"uv": [13, 3, 12, 6], "texture": "#all"}
			}
		}
	]
}