{
	"parent": "item/template/bow",
	"textures": {
		"all": "entity/projectiles/arrow"
	},
	"elements": [
		{
			"from": [4.5, 7.99, -3],
			"to": [9.5, 8.01, 13],
			"rotation": {"angle": 45, "axis": "z", "origin": [7, 8, 11.25]},
			"faces": {
				"up": {"uv": [0, 0, 8, 2.5], "rotation": 270, "texture": "#all"},
				"down": {"uv": [8, 0, 16, 2.5], "rotation": 270, "texture": "#all"}
			}
		},
		{
			"from": [4.5, 7.99, -3],
			"to": [9.5, 8.01, 13],
			"rotation": {"angle": -45, "axis": "z", "origin": [7, 8, 11.25]},
			"faces": {
				"up": {"uv": [0, 0, 8, 2.5], "rotation": 270, "texture": "#all"},
				"down": {"uv": [8, 0, 16, 2.5], "rotation": 270, "texture": "#all"}
			}
		},
		{
			"from": [4.5, 5.5, 10.99],
			"to": [9.5, 10.5, 11.01],
			"rotation": {"angle": -45, "axis": "z", "origin": [7, 8, 11.25]},
			"faces": {
				"north": {"uv": [5, 5, 2.5, 2.5], "texture": "#all"},
				"south": {"uv": [0, 2.5, 2.5, 5], "rotation": 180, "texture": "#all"}
			}
		}
	]
}