{
	"parent": "item/display/bread",
	"textures": {
		"all": "model/bread",
		"particle": "item/bread"
	},
	"elements": [
		{
			"from": [3, 6, 5],
			"to": [13, 10, 11],
			"faces": {
				"north": {"uv": [3, 6, 8, 8], "texture": "#all"},
				"east": {"uv": [0, 6, 3, 8], "texture": "#all"},
				"south": {"uv": [11, 6, 16, 8], "texture": "#all"},
				"west": {"uv": [8, 6, 11, 8], "texture": "#all"},
				"up": {"uv": [8, 6, 3, 3], "texture": "#all"},
				"down": {"uv": [13, 3, 8, 6], "texture": "#all"}
			}
		},
		{
			"from": [4, 10, 5.5],
			"to": [12, 11, 10.5],
			"faces": {
				"north": {"uv": [2.5, 2.5, 6.5, 3], "texture": "#all"},
				"east": {"uv": [0, 2.5, 2.5, 3], "texture": "#all"},
				"south": {"uv": [9, 2.5, 13, 3], "texture": "#all"},
				"west": {"uv": [6.5, 2.5, 9, 3], "texture": "#all"},
				"up": {"uv": [6.5, 2.5, 2.5, 0], "texture": "#all"},
				"down": {"uv": [10.5, 0, 6.5, 2.5], "texture": "#all"}
			}
		}
	]
}