{
	"parent": "item/template/dye",
	"textures": {
		"all": "model/brown_dye",
		"particle": "item/brown_dye"
	},
	"elements": [
		{
			"from": [4, 5, 4],
			"to": [12, 6, 12],
			"faces": {
				"north": {"uv": [4, 15.5, 8, 16], "texture": "#all"},
				"east": {"uv": [0, 15.5, 4, 16], "texture": "#all"},
				"south": {"uv": [12, 15.5, 16, 16], "texture": "#all"},
				"west": {"uv": [8, 15.5, 12, 16], "texture": "#all"},
				"up": {"uv": [8, 15.5, 4, 11.5], "texture": "#all"},
				"down": {"uv": [12, 11.5, 8, 15.5], "texture": "#all"}
			}
		},
		{
			"from": [5, 6, 5],
			"to": [11, 9, 11],
			"faces": {
				"north": {"uv": [3, 3, 6, 4.5], "texture": "#all"},
				"east": {"uv": [0, 3, 3, 4.5], "texture": "#all"},
				"south": {"uv": [9, 3, 12, 4.5], "texture": "#all"},
				"west": {"uv": [6, 3, 9, 4.5], "texture": "#all"},
				"up": {"uv": [6, 3, 3, 0], "texture": "#all"},
				"down": {"uv": [9, 0, 6, 3], "texture": "#all"}
			}
		},
		{
			"from": [5.5, 9, 6.5],
			"to": [8.5, 11, 9.5],
			"faces": {
				"north": {"uv": [10.5, 1.5, 12, 2.5], "texture": "#all"},
				"east": {"uv": [9, 1.5, 10.5, 2.5], "texture": "#all"},
				"south": {"uv": [13.5, 1.5, 15, 2.5], "texture": "#all"},
				"west": {"uv": [12, 1.5, 13.5, 2.5], "texture": "#all"},
				"up": {"uv": [12, 1.5, 10.5, 0], "texture": "#all"},
				"down": {"uv": [13.5, 0, 12, 1.5], "texture": "#all"}
			}
		},
		{
			"from": [6.5, 9, 6],
			"to": [9.5, 10, 11],
			"faces": {
				"north": {"uv": [2.5, 7, 4, 7.5], "texture": "#all"},
				"east": {"uv": [0, 7, 2.5, 7.5], "texture": "#all"},
				"south": {"uv": [6.5, 7, 8, 7.5], "texture": "#all"},
				"west": {"uv": [4, 7, 6.5, 7.5], "texture": "#all"},
				"up": {"uv": [4, 7, 2.5, 4.5], "texture": "#all"},
				"down": {"uv": [5.5, 4.5, 4, 7], "texture": "#all"}
			}
		}
	]
}