{
	"parent": "item/display/fishing_rod_connect",
	"textures": {
		"all": "model/carrot",
		"particle": "item/carrot_on_a_stick"
	},
	"elements": [
		{
			"from": [6.5, 2, -5.5],
			"to": [9.5, 7, -2.5],
			"faces": {
				"north": {"uv": [1.5, 3.5, 3, 6], "texture": "#all"},
				"east": {"uv": [0, 3.5, 1.5, 6], "texture": "#all"},
				"south": {"uv": [4.5, 3.5, 6, 6], "texture": "#all"},
				"west": {"uv": [3, 3.5, 4.5, 6], "texture": "#all"},
				"up": {"uv": [3, 3.5, 1.5, 2], "texture": "#all"},
				"down": {"uv": [4.5, 2, 3, 3.5], "texture": "#all"}
			}
		},
		{
			"from": [7, -1, -5],
			"to": [9, 2, -3],
			"faces": {
				"north": {"uv": [6, 2, 7, 3.5], "texture": "#all"},
				"east": {"uv": [5, 2, 6, 3.5], "texture": "#all"},
				"south": {"uv": [8, 2, 9, 3.5], "texture": "#all"},
				"west": {"uv": [7, 2, 8, 3.5], "texture": "#all"},
				"up": {"uv": [7, 2, 6, 1], "texture": "#all"},
				"down": {"uv": [8, 1, 7, 2], "texture": "#all"}
			}
		},
		{
			"from": [5, 7, -4.01],
			"to": [11, 11, -3.99],
			"rotation": {"angle": 45, "axis": "y", "origin": [8, 7, -4]},
			"faces": {
				"north": {"uv": [0, 0, 3, 2], "texture": "#all"},
				"south": {"uv": [3, 0, 6, 2], "texture": "#all"}
			}
		},
		{
			"from": [5, 7, -4.01],
			"to": [11, 11, -3.99],
			"rotation": {"angle": -45, "axis": "y", "origin": [8, 7, -4]},
			"faces": {
				"north": {"uv": [0, 0, 3, 2], "texture": "#all"},
				"south": {"uv": [3, 0, 6, 2], "texture": "#all"}
			}
		}
	]
}