{
	"parent": "item/template/minecart",
	"textures": {
		"all": "entity/chest/normal"
	},
	"elements": [
		{
			"from": [2.75, 5, 2.75],
			"to": [13.25, 12.5, 13.25],
			"faces": {
				"north": {"uv": [10.5, 8.25, 14, 10.75], "rotation": 180, "texture": "#all"},
				"east": {"uv": [0, 8.25, 3.5, 10.75], "rotation": 180, "texture": "#all"},
				"south": {"uv": [3.5, 8.25, 7, 10.75], "rotation": 180, "texture": "#all"},
				"west": {"uv": [7, 8.25, 10.5, 10.75], "rotation": 180, "texture": "#all"},
				"up": {"uv": [7, 4.75, 10.5, 8.25], "rotation": 180, "texture": "#all"},
				"down": {"uv": [7, 4.75, 3.5, 8.25], "texture": "#all"}
			}
		},
		{
			"from": [2.75, 11.75, 2.75],
			"to": [13.25, 15.5, 13.25],
			"faces": {
				"north": {"uv": [10.5, 3.5, 14, 4.75], "rotation": 180, "texture": "#all"},
				"east": {"uv": [7, 3.5, 10.5, 4.75], "rotation": 180, "texture": "#all"},
				"south": {"uv": [3.5, 3.5, 7, 4.75], "rotation": 180, "texture": "#all"},
				"west": {"uv": [0, 3.5, 3.5, 4.75], "rotation": 180, "texture": "#all"},
				"up": {"uv": [7, 0, 10.5, 3.5], "rotation": 180, "texture": "#all"},
				"down": {"uv": [7, 0, 10.5, 3.5], "texture": "#all"}
			}
		},
		{
			"from": [7.25, 10.25, 2],
			"to": [8.75, 13.25, 2.75],
			"faces": {
				"north": {"uv": [1, 0.25, 1.5, 1.25], "rotation": 180, "texture": "#all"},
				"east": {"uv": [0.75, 0.25, 1, 1.25], "rotation": 180, "texture": "#all"},
				"south": {"uv": [0.25, 0.25, 0.75, 1.25], "rotation": 180, "texture": "#all"},
				"west": {"uv": [0, 0.25, 0.25, 1.25], "rotation": 180, "texture": "#all"},
				"up": {"uv": [0.25, 0, 0.75, 0.25], "rotation": 180, "texture": "#all"},
				"down": {"uv": [0.75, 0, 1.25, 0.25], "rotation": 180, "texture": "#all"}
			}
		}
	],
	"display": {
		"head": {
			"translation": [0, 8, 0]
		}
	}
}