{
	"parent": "item/display/chorus_fruit",
	"textures": {
		"all": "model/chorus_fruit",
		"particle": "item/chorus_fruit"
	},
	"elements": [
		{
			"from": [4.5, 5, 5.5],
			"to": [11.5, 9, 10.5],
			"faces": {
				"north": {"uv": [2.5, 6, 6, 8], "texture": "#all"},
				"east": {"uv": [0, 6, 2.5, 8], "texture": "#all"},
				"south": {"uv": [8.5, 6, 12, 8], "texture": "#all"},
				"west": {"uv": [6, 6, 8.5, 8], "texture": "#all"},
				"up": {"uv": [6, 6, 2.5, 3.5], "texture": "#all"},
				"down": {"uv": [9.5, 3.5, 6, 6], "texture": "#all"}
			}
		},
		{
			"from": [4.5, 9, 5.5],
			"to": [8.5, 11, 10.5],
			"faces": {
				"north": {"uv": [2.5, 2.5, 4.5, 3.5], "texture": "#all"},
				"east": {"uv": [0, 2.5, 2.5, 3.5], "texture": "#all"},
				"south": {"uv": [7, 2.5, 9, 3.5], "texture": "#all"},
				"west": {"uv": [4.5, 2.5, 7, 3.5], "texture": "#all"},
				"up": {"uv": [4.5, 2.5, 2.5, 0], "texture": "#all"},
				"down": {"uv": [6.5, 0, 4.5, 2.5], "texture": "#all"}
			}
		},
		{
			"from": [6.5, 9, 7.99],
			"to": [10.5, 13, 8.01],
			"rotation": {"angle": -45, "axis": "y", "origin": [8.5, 4, 8]},
			"faces": {
				"north": {"uv": [6.5, 0, 8.5, 2], "texture": "#all"},
				"south": {"uv": [8.5, 0, 10.5, 2], "texture": "#all"}
			}
		},
		{
			"from": [6.5, 9, 7.99],
			"to": [10.5, 13, 8.01],
			"rotation": {"angle": 45, "axis": "y", "origin": [8.5, 4, 8]},
			"faces": {
				"north": {"uv": [10.5, 0, 12.5, 2], "texture": "#all"},
				"south": {"uv": [12.5, 0, 14.5, 2], "texture": "#all"}
			}
		}
	]
}