{
	"parent": "item/display/cocoa_beans",
	"textures": {
		"all": "model/cocoa_beans",
		"particle": "item/cocoa_beans"
	},
	"elements": [
		{
			"from": [10, 5, 8],
			"to": [13, 8, 12],
			"faces": {
				"north": {"uv": [4, 4, 7, 7], "texture": "#all"},
				"east": {"uv": [0, 4, 4, 7], "texture": "#all"},
				"south": {"uv": [11, 4, 14, 7], "texture": "#all"},
				"west": {"uv": [7, 4, 11, 7], "texture": "#all"},
				"up": {"uv": [7, 4, 4, 0], "texture": "#all"},
				"down": {"uv": [10, 0, 7, 4], "texture": "#all"}
			}
		},
		{
			"from": [10.5, 6, 3],
			"to": [13.5, 9, 7],
			"faces": {
				"north": {"uv": [4, 4, 7, 7], "texture": "#all"},
				"east": {"uv": [0, 4, 4, 7], "texture": "#all"},
				"south": {"uv": [11, 4, 14, 7], "texture": "#all"},
				"west": {"uv": [7, 4, 11, 7], "texture": "#all"},
				"up": {"uv": [7, 4, 4, 0], "texture": "#all"},
				"down": {"uv": [10, 0, 7, 4], "texture": "#all"}
			}
		},
		{
			"from": [2, 6, 4],
			"to": [5, 9, 8],
			"faces": {
				"north": {"uv": [4, 4, 7, 7], "texture": "#all"},
				"east": {"uv": [0, 4, 4, 7], "texture": "#all"},
				"south": {"uv": [11, 4, 14, 7], "texture": "#all"},
				"west": {"uv": [7, 4, 11, 7], "texture": "#all"},
				"up": {"uv": [7, 4, 4, 0], "texture": "#all"},
				"down": {"uv": [10, 0, 7, 4], "texture": "#all"}
			}
		},
		{
			"from": [6, 5, 2],
			"to": [10, 8, 5],
			"faces": {
				"north": {"uv": [3, 10, 7, 13], "texture": "#all"},
				"east": {"uv": [0, 10, 3, 13], "texture": "#all"},
				"south": {"uv": [10, 10, 14, 13], "texture": "#all"},
				"west": {"uv": [7, 10, 10, 13], "texture": "#all"},
				"up": {"uv": [7, 10, 3, 7], "texture": "#all"},
				"down": {"uv": [11, 7, 7, 10], "texture": "#all"}
			}
		},
		{
			"from": [5.5, 8, 6],
			"to": [9.5, 11, 9],
			"faces": {
				"north": {"uv": [3, 10, 7, 13], "texture": "#all"},
				"east": {"uv": [0, 10, 3, 13], "texture": "#all"},
				"south": {"uv": [10, 10, 14, 13], "texture": "#all"},
				"west": {"uv": [7, 10, 10, 13], "texture": "#all"},
				"up": {"uv": [7, 10, 3, 7], "texture": "#all"},
				"down": {"uv": [11, 7, 7, 10], "texture": "#all"}
			}
		},
		{
			"from": [4, 7, 10],
			"to": [8, 10, 13],
			"faces": {
				"north": {"uv": [3, 10, 7, 13], "texture": "#all"},
				"east": {"uv": [0, 10, 3, 13], "texture": "#all"},
				"south": {"uv": [10, 10, 14, 13], "texture": "#all"},
				"west": {"uv": [7, 10, 10, 13], "texture": "#all"},
				"up": {"uv": [7, 10, 3, 7], "texture": "#all"},
				"down": {"uv": [11, 7, 7, 10], "texture": "#all"}
			}
		}
	]
}