{
	"parent": "item/template/bucket",
	"textures": {
		"all": "entity/fish/cod",
		"particle": "item/cod_bucket"
	},
	"elements": [
		{
			"from": [8, 7, 10],
			"to": [8, 13, 11],
			"rotation": {"angle": -22.5, "axis": "x", "origin": [8, 9, 8]},
			"faces": {
				"north": {"uv": [13, -3, 13, 0], "rotation": 180, "texture": "#all"},
				"east": {"uv": [10, 0, 13, 0.5], "rotation": 270, "texture": "#all"},
				"south": {"uv": [13, 0, 13, -3], "texture": "#all"},
				"west": {"uv": [13, 0, 16, 0.5], "rotation": 90, "texture": "#all"},
				"up": {"uv": [13, 0, 13, 0.5], "rotation": 180, "texture": "#all"},
				"down": {"uv": [16, 0, 16, 0.5], "texture": "#all"}
			}
		},
		{
			"from": [8.01, 7, 10],
			"to": [8.01, 13, 11],
			"rotation": {"angle": -22.5, "axis": "x", "origin": [8, 9, 8]},
			"faces": {
				"east": {"uv": [16, 0, 13, 0.5], "rotation": 270, "texture": "#all"},
				"west": {"uv": [13, 0, 10, 0.5], "rotation": 90, "texture": "#all"}
			}
		},
		{
			"from": [7, 5, 6],
			"to": [9, 12, 10],
			"rotation": {"angle": -22.5, "axis": "x", "origin": [8, 9, 8]},
			"faces": {
				"north": {"uv": [5.5, 0, 4.5, 3.5], "rotation": 180, "texture": "#all"},
				"east": {"uv": [0, 3.5, 3.5, 5.5], "rotation": 270, "texture": "#all"},
				"south": {"uv": [4.5, 3.5, 3.5, 0], "texture": "#all"},
				"west": {"uv": [4.5, 3.5, 8, 5.5], "rotation": 90, "texture": "#all"},
				"up": {"uv": [3.5, 3.5, 4.5, 5.5], "rotation": 180, "texture": "#all"},
				"down": {"uv": [8, 3.5, 9, 5.5], "texture": "#all"}
			}
		},
		{
			"from": [6.9992, 15, 7.0008],
			"to": [8.9992, 16, 10.0008],
			"rotation": {"angle": -22.5, "axis": "x", "origin": [8, 9, 8]},
			"faces": {
				"north": {"uv": [2.5, 0, 1.5, 0.5], "rotation": 180, "texture": "#all"},
				"east": {"uv": [0, 0.5, 0.5, 2], "rotation": 270, "texture": "#all"},
				"south": {"uv": [1.5, 0.5, 0.5, 0], "texture": "#all"},
				"west": {"uv": [1.5, 0.5, 2, 2], "rotation": 90, "texture": "#all"},
				"up": {"uv": [0.5, 0.5, 1.5, 2], "rotation": 180, "texture": "#all"},
				"down": {"uv": [2, 0.5, 3, 2], "texture": "#all"}
			}
		},
		{
			"from": [7, 12, 6],
			"to": [9, 15, 10],
			"rotation": {"angle": -22.5, "axis": "x", "origin": [8, 9, 8]},
			"faces": {
				"north": {"uv": [9, 0, 8, 1.5], "rotation": 180, "texture": "#all"},
				"east": {"uv": [5.5, 1.5, 7, 3.5], "rotation": 270, "texture": "#all"},
				"south": {"uv": [8, 1.5, 7, 0], "texture": "#all"},
				"west": {"uv": [8, 1.5, 9.5, 3.5], "rotation": 90, "texture": "#all"},
				"up": {"uv": [7, 1.5, 8, 3.5], "rotation": 180, "texture": "#all"},
				"down": {"uv": [9.5, 1.5, 10.5, 3.5], "texture": "#all"}
			}
		},
		{
			"from": [5, 11, 7],
			"to": [7, 13, 7],
			"rotation": {"angle": -22.5, "axis": "x", "origin": [8, 9, 8]},
			"faces": {
				"north": {"uv": [15, 2, 14, 3], "rotation": 180, "texture": "#all"},
				"south": {"uv": [14, 3, 13, 2], "texture": "#all"}
			}
		},
		{
			"from": [5, 11, 6.99],
			"to": [7, 13, 6.99],
			"rotation": {"angle": -22.5, "axis": "x", "origin": [8, 9, 8]},
			"faces": {
				"north": {"uv": [14, 2, 13, 3], "rotation": 180, "texture": "#all"},
				"south": {"uv": [15, 3, 14, 2], "texture": "#all"}
			}
		},
		{
			"from": [9, 11, 7],
			"to": [11, 13, 7],
			"rotation": {"angle": -22.5, "axis": "x", "origin": [8, 9, 8]},
			"faces": {
				"north": {"uv": [15, 0.5, 14, 1.5], "rotation": 180, "texture": "#all"},
				"south": {"uv": [14, 1.5, 13, 0.5], "texture": "#all"}
			}
		},
		{
			"from": [9, 11, 6.99],
			"to": [11, 13, 6.99],
			"rotation": {"angle": -22.5, "axis": "x", "origin": [8, 9, 8]},
			"faces": {
				"north": {"uv": [14, 0.5, 13, 1.5], "rotation": 180, "texture": "#all"},
				"south": {"uv": [15, 1.5, 14, 0.5], "texture": "#all"}
			}
		},
		{
			"from": [8, 2, 6],
			"to": [8, 6, 10],
			"rotation": {"angle": -22.5, "axis": "x", "origin": [8, 9, 8]},
			"faces": {
				"north": {"uv": [13, 1.5, 13, 3.5], "rotation": 180, "texture": "#all"},
				"east": {"uv": [11, 3.5, 13, 5.5], "rotation": 270, "texture": "#all"},
				"south": {"uv": [13, 3.5, 13, 1.5], "texture": "#all"},
				"west": {"uv": [13, 3.5, 15, 5.5], "rotation": 90, "texture": "#all"},
				"up": {"uv": [13, 3.5, 13, 5.5], "rotation": 180, "texture": "#all"},
				"down": {"uv": [15, 3.5, 15, 5.5], "texture": "#all"}
			}
		},
		{
			"from": [8.01, 2, 6],
			"to": [8.01, 6, 10],
			"rotation": {"angle": -22.5, "axis": "x", "origin": [8, 9, 8]},
			"faces": {
				"east": {"uv": [15, 3.5, 13, 5.5], "rotation": 270, "texture": "#all"},
				"west": {"uv": [13, 3.5, 11, 5.5], "rotation": 90, "texture": "#all"}
			}
		}
	]
}