{
	"parent": "item/template/minecart",
	"textures": {
		"front": "block/command_block_front",
		"side": "block/command_block_side",
		"back": "block/command_block_back"
	},
	"elements": [
		{
			"from": [2, 3.5, 2],
			"to": [14, 15.5, 14],
			"faces": {
				"north": {"uv": [0, 0, 16, 16], "texture": "#front"},
				"east": {"uv": [0, 0, 16, 16], "rotation": 90, "texture": "#side"},
				"south": {"uv": [0, 0, 16, 16], "texture": "#back"},
				"west": {"uv": [0, 0, 16, 16], "rotation": 270, "texture": "#side"},
				"up": {"uv": [0, 0, 16, 16], "texture": "#side"},
				"down": {"uv": [0, 0, 16, 16], "rotation": 180, "texture": "#side"}
			}
		}
	],
	"display": {
		"head": {
			"translation": [0, 8, 0]
		}
	}
}