{
	"parent": "item/display/cookie",
	"textures": {
		"all": "model/cookie",
		"particle": "item/cookie"
	},
	"elements": [
		{
			"from": [5, 7, 5],
			"to": [11, 8, 11],
			"faces": {
				"north": {"uv": [13, 0, 7, 1], "rotation": 180, "texture": "#all"},
				"east": {"uv": [0, 1, 1, 7], "rotation": 270, "texture": "#all"},
				"south": {"uv": [7, 1, 1, 0], "texture": "#all"},
				"west": {"uv": [7, 1, 8, 7], "rotation": 90, "texture": "#all"},
				"up": {"uv": [1, 1, 7, 7], "rotation": 180, "texture": "#all"},
				"down": {"uv": [8, 1, 14, 7], "texture": "#all"}
			}
		}
	]
}