{
    "parent": "block/copper_torch",
	"display": {
        "gui": {
            "rotation": [ 30, 225, 0 ],
            "translation": [ 0, 1.5, 0]
        },
		"ground": {
			"scale": [0.375, 0.375, 0.375],
			"translation": [0, 3, 0]
		},
		"fixed": {
			"rotation": [0, 0, 0],
			"translation": [0, 0, 0]
		},
		"head": {
			"translation": [0, 14, 0]
		},
		"thirdperson_righthand": {
			"scale": [0.5, 0.5, 0.5],
			"translation": [0, 4, 1]
		},
		"firstperson_righthand": {
			"rotation": [0, 45, 0],
			"translation": [0, 3, 0],
			"scale": [0.5, 0.5, 0.5]
		}
	}
}