{
	"parent": "item/display/copper_nugget",
	"textures": {
		"all": "model/copper_nugget",
		"particle": "item/copper_nugget"
	},
	"elements": [
		{
			"from": [5.5, 6, 6.5],
			"to": [8.5, 9, 9.5],
			"faces": {
				"north": {"uv": [3, 3, 6, 6], "texture": "#all"},
				"east": {"uv": [0, 3, 3, 6], "texture": "#all"},
				"south": {"uv": [9, 3, 12, 6], "texture": "#all"},
				"west": {"uv": [6, 3, 9, 6], "texture": "#all"},
				"up": {"uv": [6, 3, 3, 0], "texture": "#all"},
				"down": {"uv": [9, 0, 6, 3], "texture": "#all"}
			}
		},
		{
			"from": [8.5, 6, 7.5],
			"to": [10.5, 8, 9.5],
			"faces": {
				"north": {"uv": [2, 8, 4, 10], "texture": "#all"},
				"east": {"uv": [0, 8, 2, 10], "texture": "#all"},
				"south": {"uv": [6, 8, 8, 10], "texture": "#all"},
				"west": {"uv": [4, 8, 6, 10], "texture": "#all"},
				"up": {"uv": [4, 8, 2, 6], "texture": "#all"},
				"down": {"uv": [6, 6, 4, 8], "texture": "#all"}
			}
		}
	]
}