{
    "parent": "block/copper_lantern",
	"display": {
        "gui": {
            "rotation": [ 30, 225, 0 ],
            "translation": [ 0, 3, 0]
        },
		"head": {
            "translation": [ 0, 14.25, 0]
        },
        "ground": {
            "translation": [ 0, 3, 0],
            "scale":[ 0.375, 0.375, 0.375 ]
        },
        "fixed": {
            "translation": [ 0, 3, 0],
            "scale":[ 0.75, 0.75, 0.75 ]
        },
        "thirdperson_righthand": {
            "rotation": [ 75, 45, 0 ],
            "translation": [ 0, 2, 3],
            "scale": [ 0.5, 0.5, 0.5 ]
        },
        "firstperson_righthand": {
            "rotation": [ 0, 45, 0 ],
            "translation": [ 0, 4, 0 ],
            "scale": [ 0.5, 0.5, 0.5 ]
        }
    }
}