{
	"parent": "item/template/crossbow",
	"textures": {
		"all": "model/firework_rocket"
	},
	"elements": [
		{
			"from": [6.5, 8.75, -3.5],
			"to": [9.5, 11.75, 7.5],
			"faces": {
				"north": {"uv": [3, 1.5, 1.5, 0], "rotation": 180, "texture": "#all"},
				"east": {"uv": [0, 1.5, 1.5, 7], "rotation": 90, "texture": "#all"},
				"south": {"uv": [4.5, 0, 3, 1.5], "texture": "#all"},
				"west": {"uv": [3, 1.5, 4.5, 7], "rotation": 270, "texture": "#all"},
				"up": {"uv": [4.5, 1.5, 6, 7], "texture": "#all"},
				"down": {"uv": [1.5, 1.5, 3, 7], "rotation": 180, "texture": "#all"}
			}
		},
		{
			"from": [7.5, 9.75, -4.5],
			"to": [8.5, 10.75, -3.5],
			"faces": {
				"north": {"uv": [5.5, 0.5, 5, 0], "rotation": 180, "texture": "#all"},
				"east": {"uv": [4.5, 0.5, 5, 1], "rotation": 90, "texture": "#all"},
				"south": {"uv": [6, 0, 5.5, 0.5], "texture": "#all"},
				"west": {"uv": [5.5, 0.5, 6, 1], "rotation": 270, "texture": "#all"},
				"up": {"uv": [6, 0.5, 6.5, 1], "texture": "#all"},
				"down": {"uv": [5, 0.5, 5.5, 1], "rotation": 180, "texture": "#all"}
			}
		},
		{
			"from": [5.5, 7.75, -2.5],
			"to": [10.5, 12.75, -0.5],
			"faces": {
				"north": {"uv": [11, 2.5, 8.5, 0], "rotation": 180, "texture": "#all"},
				"east": {"uv": [6, 2.5, 8.5, 3.5], "rotation": 90, "texture": "#all"},
				"south": {"uv": [13.5, 0, 11, 2.5], "texture": "#all"},
				"west": {"uv": [11, 2.5, 13.5, 3.5], "rotation": 270, "texture": "#all"},
				"up": {"uv": [13.5, 2.5, 16, 3.5], "texture": "#all"},
				"down": {"uv": [8.5, 2.5, 11, 3.5], "rotation": 180, "texture": "#all"}
			}
		},
		{
			"from": [5.5, 10.24, 7.5],
			"to": [13.5, 10.26, 10.5],
			"rotation": {"angle": 22.5, "axis": "z", "origin": [8, 10.25, 7.5]},
			"faces": {
				"up": {"uv": [6, 3.5, 10, 5], "texture": "#all"},
				"down": {"uv": [10, 3.5, 14, 5], "rotation": 180, "texture": "#all"}
			}
		},
		{
			"from": [7.5, 8.75, 7.5],
			"to": [8.5, 9.75, 13.5],
			"faces": {
				"north": {"uv": [15, 4, 14.5, 3.5], "rotation": 180, "texture": "#all"},
				"east": {"uv": [14, 4, 14.5, 6.5], "rotation": 90, "texture": "#all"},
				"south": {"uv": [15.5, 3.5, 15, 4], "texture": "#all"},
				"west": {"uv": [15, 4, 15.5, 6.5], "rotation": 270, "texture": "#all"},
				"up": {"uv": [15.5, 4, 16, 6.5], "texture": "#all"},
				"down": {"uv": [14.5, 4, 15, 6.5], "rotation": 180, "texture": "#all"}
			}
		}
	]
}