{
	"parent": "item/template/crossbow",
	"textures": {
		"all": "entity/projectiles/arrow"
	},
	"elements": [
		{
			"from": [5.5, 9.49, -2.5],
			"to": [10.5, 9.51, 13.5],
			"rotation": {"angle": 45, "axis": "z", "origin": [8, 9.5, 11.75]},
			"faces": {
				"up": {"uv": [0, 0, 8, 2.5], "rotation": 270, "texture": "#all"},
				"down": {"uv": [8, 0, 16, 2.5], "rotation": 270, "texture": "#all"}
			}
		},
		{
			"from": [5.5, 9.49, -2.5],
			"to": [10.5, 9.51, 13.5],
			"rotation": {"angle": -45, "axis": "z", "origin": [8, 9.5, 11.75]},
			"faces": {
				"up": {"uv": [0, 0, 8, 2.5], "rotation": 270, "texture": "#all"},
				"down": {"uv": [8, 0, 16, 2.5], "rotation": 270, "texture": "#all"}
			}
		},
		{
			"from": [5.5, 7, 11.49],
			"to": [10.5, 12, 11.51],
			"rotation": {"angle": -45, "axis": "z", "origin": [8, 9.5, 11.75]},
			"faces": {
				"north": {"uv": [5, 5, 2.5, 2.5], "texture": "#all"},
				"south": {"uv": [0, 2.5, 2.5, 5], "rotation": 180, "texture": "#all"}
			}
		}
	]
}