{
	"parent": "item/template/dye",
	"textures": {
		"all": "model/cyan_dye",
		"particle": "item/cyan_dye"
	},
	"elements": [
		{
			"from": [4, 5, 4],
			"to": [12, 6, 12],
			"faces": {
				"north": {"uv": [4, 15.5, 8, 16], "texture": "#all"},
				"east": {"uv": [0, 15.5, 4, 16], "texture": "#all"},
				"south": {"uv": [12, 15.5, 16, 16], "texture": "#all"},
				"west": {"uv": [8, 15.5, 12, 16], "texture": "#all"},
				"up": {"uv": [8, 15.5, 4, 11.5], "texture": "#all"},
				"down": {"uv": [12, 11.5, 8, 15.5], "texture": "#all"}
			}
		},
		{
			"from": [5, 6, 5],
			"to": [11, 8, 11],
			"faces": {
				"north": {"uv": [3, 3, 6, 4], "texture": "#all"},
				"east": {"uv": [0, 3, 3, 4], "texture": "#all"},
				"south": {"uv": [9, 3, 12, 4], "texture": "#all"},
				"west": {"uv": [6, 3, 9, 4], "texture": "#all"},
				"up": {"uv": [6, 3, 3, 0], "texture": "#all"},
				"down": {"uv": [9, 0, 6, 3], "texture": "#all"}
			}
		},
		{
			"from": [6, 8, 8],
			"to": [11, 11, 11],
			"faces": {
				"north": {"uv": [1.5, 5.5, 4, 7], "texture": "#all"},
				"east": {"uv": [0, 5.5, 1.5, 7], "texture": "#all"},
				"south": {"uv": [5.5, 5.5, 8, 7], "texture": "#all"},
				"west": {"uv": [4, 5.5, 5.5, 7], "texture": "#all"},
				"up": {"uv": [4, 5.5, 1.5, 4], "texture": "#all"},
				"down": {"uv": [6.5, 4, 4, 5.5], "texture": "#all"}
			}
		},
		{
			"from": [5, 8, 6],
			"to": [9, 10, 8],
			"faces": {
				"north": {"uv": [10, 1, 12, 2], "texture": "#all"},
				"east": {"uv": [9, 1, 10, 2], "texture": "#all"},
				"south": {"uv": [13, 1, 15, 2], "texture": "#all"},
				"west": {"uv": [12, 1, 13, 2], "texture": "#all"},
				"up": {"uv": [12, 1, 10, 0], "texture": "#all"},
				"down": {"uv": [14, 0, 12, 1], "texture": "#all"}
			}
		}
	]
}