{
	"parent": "item/display/diamond",
	"textures": {
		"all": "model/diamond",
		"particle": "item/diamond"
	},
	"elements": [
		{
			"from": [5.5, 10, 7],
			"to": [10.5, 12, 9],
			"faces": {
				"north": {"uv": [10, 1, 12.5, 2], "texture": "#all"},
				"east": {"uv": [9, 1, 10, 2], "texture": "#all"},
				"south": {"uv": [13.5, 1, 16, 2], "texture": "#all"},
				"west": {"uv": [12.5, 1, 13.5, 2], "texture": "#all"},
				"up": {"uv": [12.5, 1, 10, 0], "texture": "#all"},
				"down": {"uv": [15, 0, 12.5, 1], "texture": "#all"}
			}
		},
		{
			"from": [5.5, 4, 6],
			"to": [10.5, 10, 10],
			"faces": {
				"north": {"uv": [9, 4, 11.5, 7], "texture": "#all"},
				"east": {"uv": [7, 4, 9, 7], "texture": "#all"},
				"south": {"uv": [13.5, 4, 16, 7], "texture": "#all"},
				"west": {"uv": [11.5, 4, 13.5, 7], "texture": "#all"},
				"up": {"uv": [11.5, 4, 9, 2], "texture": "#all"},
				"down": {"uv": [14, 2, 11.5, 4], "texture": "#all"}
			}
		},
		{
			"from": [4.5, 5, 7],
			"to": [11.5, 10, 9],
			"faces": {
				"north": {"uv": [1, 1, 4.5, 3.5], "texture": "#all"},
				"east": {"uv": [0, 1, 1, 3.5], "texture": "#all"},
				"south": {"uv": [5.5, 1, 9, 3.5], "texture": "#all"},
				"west": {"uv": [4.5, 1, 5.5, 3.5], "texture": "#all"},
				"up": {"uv": [4.5, 1, 1, 0], "texture": "#all"},
				"down": {"uv": [8, 0, 4.5, 1], "texture": "#all"}
			}
		}
	]
}