{
	"parent": "item/display/disc_fragment",
	"textures": {
		"all": "model/disc_fragment_5",
		"particle": "item/disc_fragment_5"
	},
	"elements": [
		{
			"from": [5.16689, 7.005, 6.58658],
			"to": [8.16689, 7.995, 9.58658],
			"rotation": {"angle": 22.5, "axis": "y", "origin": [6.16689, 8, 5.58658]},
			"faces": {
				"north": {"uv": [3, 8, 6, 9], "texture": "#all"},
				"east": {"uv": [0, 8, 3, 9], "texture": "#all"},
				"south": {"uv": [9, 8, 12, 9], "texture": "#all"},
				"west": {"uv": [6, 8, 9, 9], "texture": "#all"},
				"up": {"uv": [6, 8, 3, 5], "texture": "#all"},
				"down": {"uv": [9, 5, 6, 8], "texture": "#all"}
			}
		},
		{
			"from": [8, 7, 7.5],
			"to": [10, 8, 11.5],
			"rotation": {"angle": -22.5, "axis": "y", "origin": [12, 8, 7.5]},
			"faces": {
				"north": {"uv": [4, 4, 6, 5], "texture": "#all"},
				"east": {"uv": [0, 4, 4, 5], "texture": "#all"},
				"south": {"uv": [10, 4, 12, 5], "texture": "#all"},
				"west": {"uv": [6, 4, 10, 5], "texture": "#all"},
				"up": {"uv": [6, 4, 4, 0], "texture": "#all"},
				"down": {"uv": [8, 0, 6, 4], "texture": "#all"}
			}
		}
	]
}