{
	"parent": "block/block",
    "ambientocclusion": false,
    "gui_light": "front",
	"textures": {
		"particle": "#bars"
	},
	"elements": [
		{
			"from": [8, 0, 0],
			"to": [8, 16, 16],
			"faces": {
				"east": {"uv": [0, 0, 16, 16], "texture": "#bars"},
				"west": {"uv": [16, 0, 0, 16], "texture": "#bars"}
			}
		},
		{
			"from": [7, 0, 0],
			"to": [9, 16, 16],
			"faces": {
				"north": {"uv": [7, 0, 9, 16], "texture": "#bars", "cullface": "north"},
				"south": {"uv": [7, 0, 9, 16], "texture": "#bars"}
			}
		},
		{
			"from": [7, 0.001, 0],
			"to": [9, 0.001, 16],
			"faces": {
				"up": {"uv": [7, 0, 9, 16], "texture": "#bars"},
				"down": {"uv": [9, 0, 7, 16], "texture": "#bars"}
			}
		},
		{
			"from": [7, 15.999, 0],
			"to": [9, 15.999, 16],
			"faces": {
				"up": {"uv": [7, 0, 9, 16], "texture": "#bars"},
				"down": {"uv": [9, 0, 7, 16], "texture": "#bars"}
			}
		}
	],
	"display": {
		"gui": {
			"rotation": [30, -60, 0],
			"scale": [0.75, 0.75, 0.75]
		},
		"fixed": {
			"rotation": [0, 90, 0],
			"translation": [0, 0, -0.5]
		}
	}
}