{
	"parent": "block/block",
    "ambientocclusion": false,
    "gui_light": "front",
	"textures": {
		"particle": "#pane"
	},
	"elements": [
		{
			"from": [7, 0, 0],
			"to": [9, 16, 16],
			"faces": {
				"north": {"uv": [7, 0, 9, 16], "texture": "#edge", "cullface": "north"},
				"east": {"uv": [0, 0, 16, 16], "texture": "#pane"},
				"south": {"uv": [7, 0, 9, 16], "texture": "#edge"},
				"west": {"uv": [16, 0, 0, 16], "texture": "#pane"},
				"up": {"uv": [7, 0, 9, 16], "texture": "#edge"},
				"down": {"uv": [7, 0, 9, 16], "texture": "#edge"}
			}
		}
	],
	"display": {
		"gui": {
			"rotation": [30, -60, 0],
			"scale": [0.75, 0.75, 0.75]
		},
		"fixed": {
			"rotation": [0, 90, 0],
			"translation": [0, 0, -0.5]
		}
	}
}