{
	"parent": "item/display/default_rod",
	"display": {
		"ground": {
			"rotation": [90, 0, 90],
			"translation": [0, 1, 0],
			"scale": [0.5, 0.5, 0.5]
		},
		"gui": {
			"rotation": [45, 22.5, -45],
			"scale": [1.3125, 1.3125, 1.3125]
		},
		"thirdperson_righthand": {
			"rotation": [0, 45, 0],
			"translation": [0, 2, 1],
			"scale": [0.625, 0.625, 0.625]
		},
		"fixed": {
			"rotation": [0, 0, 45],
			"scale": [1.25, 1.25, 1.25]
		},
		"on_shelf": {
			"rotation": [0, 180, 45],
			"translation": [0, 0, -1],
			"scale": [2, 2, 2]
		}
	}
}