{
	"parent": "item/display/default",
	"gui_light": "front",
	"display": {
		"thirdperson_righthand": {
			"rotation": [75, -168.5, 0],
			"translation": [0, 0, -1],
			"scale": [0.5, 0.5, 0.5]
		},
		"firstperson_righthand": {
			"rotation": [0, 135, 0],
			"scale": [0.5, 0.5, 0.5]
		},
		"ground": {
			"rotation": [-90, 180, 0],
			"translation": [0, 2, 0],
			"scale": [0.5, 0.5, 0.5]
		},
		"gui": {
			"rotation": [11.5, -157.5, 0]
		},
		"head": {
			"translation": [0, 0, -8]
		},
		"fixed": {
			"translation": [0, 0, -2],
			"scale": [1.25, 1.25, 1.25]
		}
	}
}