{
	"parent": "item/display/default",
	"display": {
		"thirdperson_righthand": {
			"rotation": [75, 45, 0],
			"translation": [0.5, 4, 0],
			"scale": [0.3, 0.3, 0.3]
		},
		"firstperson_righthand": {
			"rotation": [0, 45, 0],
			"translation": [1, 0, 0],
			"scale": [0.4, 0.4, 0.4]
		},
		"ground": {
			"rotation": [0, 180, 0],
			"translation": [0, 3, 0],
			"scale": [0.25, 0.25, 0.25]
		},
		"head": {
		},
		"gui": {
			"rotation": [30, 225, 0],
			"translation": [-0.25, 0, 0],
			"scale": [0.425, 0.425, 0.425]
		},
		"fixed": {
			"scale": [0.625, 0.625, 0.625]
		},
		"on_shelf": {
			"rotation": [0, 180, 0],
			"scale": [0.75, 0.75, 0.75]
		}
	}
}