{
	"parent": "item/display/default",
	"display": {
		"thirdperson_righthand": {
			"rotation": [90, 168.5, 0],
			"translation": [0, 2.5, 1],
			"scale": [0.75, 0.75, 0.75]
		},
		"firstperson_righthand": {
			"rotation": [-135, 11.5, 155],
			"translation": [0, 2, 0],
			"scale": [0.5, 0.5, 0.5]
		},
		"gui": {
			"rotation": [60, -168.5, 0]
		},
		"head": {
			"rotation": [-180, 0, 0],
			"translation": [0, 8.25, 0]
		},
		"fixed": {
			"rotation": [-90, 0, 0],
			"translation": [0, 0, -1],
			"scale": [1.25, 1.25, 1.25]
		},
		"on_shelf": {
			"rotation": [90, 180, 0],
			"translation": [0, 0, -1],
			"scale": [2, 2, 2]
		}
	}
}