{
	"parent": "item/display/default",
	"gui_light": "front",
	"display": {
		"thirdperson_righthand": {
			"rotation": [75, 45, 0],
			"translation": [0, 2, 1],
			"scale": [0.425, 0.425, 0.425]
		},
		"firstperson_righthand": {
			"rotation": [0, 135, 0],
			"translation": [0, 2, 0],
			"scale": [0.425, 0.425, 0.425]
		},
		"gui": {
			"rotation": [20, 155, 0],
			"scale": [0.9375, 0.9375, 0.9375]
		},
		"head": {
			"translation": [0, 17, 0],
			"scale": [1.5, 1.5, 1.5]
		},
		"fixed": {
			"translation": [0, 2.5, 0]
		},
		"on_shelf": {
			"rotation": [0, 180, 0],
			"translation": [0, 0, -1],
			"scale": [1.5, 1.5, 1.5]
		}
	}
}