{
	"parent": "item/display/default",
	"gui_light": "front",
	"display": {
		"thirdperson_righthand": {
			"translation": [-1.5, 0, 1.5],
			"scale": [0.825, 0.825, 0.825]
		},
		"thirdperson_lefthand": {
			"translation": [-1.5, 0, 1.5],
			"scale": [-0.825, -0.825, 0.825]
		},
		"firstperson_righthand": {
			"rotation": [22.5, 0, 0],
			"translation": [0, 4, 1],
			"scale": [0.5, 0.5, 0.5]
		},
		"firstperson_lefthand": {
			"rotation": [22.5, 0, 0],
			"translation": [0, 4, 1],
			"scale": [-0.5, -0.5, 0.5]
		},
		"ground": {
			"rotation": [0, 180, 90],
			"translation": [0, 2, 1],
			"scale": [0.5, 0.5, 0.5]
		},
		"gui": {
			"rotation": [90, 45, 101.5],
			"translation": [-2.5, 2.5, 0],
			"scale": [0.875, 0.875, 0.875]
		},
		"head": {
			"rotation": [-90, 0, 90],
			"translation": [0, -4, -7]
		},
		"fixed": {
			"rotation": [90, -45, 90],
			"translation": [2.5, 2.5, -0.5]
		},
		"on_shelf": {
			"rotation": [-90, 135, 90],
			"translation": [-4, 0, -2],
			"scale": [1.25, 1.25, 1.25]
		}
	}
}