{
	"parent": "item/display/default",
	"display": {
        "thirdperson_righthand": {
            "rotation": [ 75, 135, 0 ],
            "translation": [ 0, 2.5, 0 ],
            "scale": [ 0.425, 0.425, 0.425 ]
        },
		"gui": {
			"rotation": [30, 225, 0],
			"scale": [0.75, 0.75, 0.75]
		},
		"head": {
			"translation": [ 0, 13.25, 0 ]
		},
		"fixed": {
			"rotation": [-90, 0, 0],
			"translation": [0, 0, -8],
            "scale": [ 1.25, 1.25, 1.25 ]
		},
		"on_shelf": {
			"rotation": [0, 180, 0],
			"translation": [0, 0, -1],
			"scale": [1.5, 1.5, 1.5]
		}
	}
}