{
	"parent": "item/display/default",
	"display": {
		"firstperson_righthand": {
			"rotation": [0, 45, 0],
			"translation": [1, 0, 0],
			"scale": [0.5, 0.5, 0.5]
		},
		"ground": {
			"rotation": [90, 90, 0],
			"translation": [0, 1, 0],
			"scale": [0.5, 0.5, 0.5]
		},
		"gui": {
			"rotation": [30, 225, 0],
			"scale": [1.25, 1.25, 1.25]
		},
		"head": {
			"rotation": [-10, 180, 0],
			"translation": [-7.25, -2, -5]
		},
		"fixed": {
			"rotation": [-90, -45, -90],
			"translation": [0, 0, -0.5],
			"scale": [1.25, 1.25, 1.25]
		},
		"on_shelf": {
			"rotation": [-90, 45, 90],
			"translation": [0, 0, -1],
			"scale": [1.75, 1.75, 1.75]
		}
	}
}