{
	"parent": "item/display/default",
	"gui_light": "front",
	"display": {
		"thirdperson_righthand": {
			"rotation": [75, 168.75, 0],
			"translation": [0, 2, 0],
			"scale": [0.5, 0.5, 0.5]
		},
		"firstperson_righthand": {
			"rotation": [22.5, 157.5, -22.5],
			"translation": [0, 2, 0],
			"scale": [0.375, 0.375, 0.375]
		},
		"gui": {
			"rotation": [45, 180, 0],
			"scale": [1.25, 1.25, 1.25]
		},
		"head": {
			"rotation": [0, 180, 0],
			"translation": [0, 7.75, 0]
		},
		"fixed": {
			"rotation": [-90, 0, 0],
			"translation": [0, 0, -1],
			"scale": [1.25, 1.25, 1.25]
		},
		"on_shelf": {
			"rotation": [90, 180, 0],
			"translation": [0, 0, -1],
			"scale": [1.75, 1.75, 1.75]
		}
	}
}