{
	"textures": {
		"stand": "block/brewing_stand",
		"bottle": "model/glass_bottle",
		"contents": "block/potion_overlay1",
        "particle": "block/brewing_stand"
	},
	"elements": [
		{
			"from": [-0.41, 0, 8],
			"to": [7.59, 16, 8],
			"rotation": {"angle": -45, "axis": "y", "origin": [8, 8, 8]},
			"faces": {
				"north": {"uv": [8, 0, 0, 16], "texture": "#stand"},
				"south": {"uv": [0, 0, 8, 16], "texture": "#stand"}
			}
		},
		{
			"from": [0.375, 2, 0.375],
			"to": [5.625, 6.5, 5.625],
			"faces": {
				"north": {"uv": [3.5, 3.5, 7, 6.5], "texture": "#bottle"},
				"east": {"uv": [0, 3.5, 3.5, 6.5], "texture": "#bottle"},
				"south": {"uv": [10.5, 3.5, 14, 6.5], "texture": "#bottle"},
				"west": {"uv": [7, 3.5, 10.5, 6.5], "texture": "#bottle"},
				"up": {"uv": [7, 3.5, 3.5, 0], "texture": "#bottle"},
				"down": {"uv": [10.5, 0, 7, 3.5], "texture": "#bottle"}
			}
		},
		{
			"from": [1.875, 6.5, 1.875],
			"to": [4.125, 7.25, 4.125],
			"faces": {
				"north": {"uv": [1.5, 8, 3, 8.5], "texture": "#bottle"},
				"east": {"uv": [0, 8, 1.5, 8.5], "texture": "#bottle"},
				"south": {"uv": [4.5, 8, 6, 8.5], "texture": "#bottle"},
				"west": {"uv": [3, 8, 4.5, 8.5], "texture": "#bottle"},
				"up": {"uv": [3, 8, 1.5, 6.5], "texture": "#bottle"},
				"down": {"uv": [4.5, 6.5, 3, 8], "texture": "#bottle"}
			}
		},
		{
			"from": [1.125, 7.25, 1.125],
			"to": [4.875, 8.75, 4.875],
			"faces": {
				"north": {"uv": [8.5, 9, 11, 10], "texture": "#bottle"},
				"east": {"uv": [6, 9, 8.5, 10], "texture": "#bottle"},
				"south": {"uv": [13.5, 9, 16, 10], "texture": "#bottle"},
				"west": {"uv": [11, 9, 13.5, 10], "texture": "#bottle"},
				"up": {"uv": [11, 9, 8.5, 6.5], "texture": "#bottle"},
				"down": {"uv": [13.5, 6.5, 11, 9], "texture": "#bottle"}
			}
		},
		{
			"from": [0.75, 2.375, 0.75],
			"to": [5.25, 6.125, 5.25],
			"faces": {
				"north": {"uv": [3, 3, 6, 5.5], "texture": "#contents", "tintindex": 0},
				"east": {"uv": [0, 3, 3, 5.5], "texture": "#contents", "tintindex": 0},
				"south": {"uv": [9, 3, 12, 5.5], "texture": "#contents", "tintindex": 0},
				"west": {"uv": [6, 3, 9, 5.5], "texture": "#contents", "tintindex": 0},
				"up": {"uv": [6, 3, 3, 0], "texture": "#contents", "tintindex": 0},
				"down": {"uv": [9, 0, 6, 3], "texture": "#contents", "tintindex": 0}
			}
		}
	]
}