{
	"format_version": "1.21.6",
	"credit": "Made by Nico4play",
	"textures": {
		"particle": "block/",
		"chain": "block/"
	},
	"elements": [
		{
			"name": "Chain",
			"from": [8.5, 14.01, 7.75],
			"to": [9.5, 16, 8.25],
			"rotation": {"angle": -45, "axis": "y", "origin": [8, 8, 8]},
			"faces": {
				"north": {"uv": [3, 0, 4, 2], "texture": "#chain"},
				"east": {"uv": [3, 0, 4, 2], "texture": "#chain"},
				"south": {"uv": [3, 0, 4, 2], "rotation": 180, "texture": "#chain"},
				"west": {"uv": [3, 0, 4, 2], "texture": "#chain"},
				"up": {"uv": [3, 0, 4, 1], "rotation": 180, "texture": "#chain", "cullface": "up"},
				"down": {"uv": [3, 1, 4, 2], "texture": "#chain"}
			}
		},
		{
			"name": "Chain",
			"from": [6.5, 14.01, 7.751],
			"to": [9.5, 15, 8.25],
			"rotation": {"angle": -45, "axis": "y", "origin": [8, 8, 8]},
			"faces": {
				"north": {"uv": [3, 1, 6, 2], "texture": "#chain"},
				"east": {"uv": [3, 1, 4, 2], "texture": "#chain"},
				"south": {"uv": [3, 1, 6, 2], "rotation": 180, "texture": "#chain"},
				"west": {"uv": [5, 1, 6, 2], "texture": "#chain"},
				"up": {"uv": [3, 1, 6, 2], "rotation": 180, "texture": "#chain"},
				"down": {"uv": [3, 1, 6, 2], "rotation": 180, "texture": "#chain"}
			}
		},
		{
			"name": "Chain",
			"from": [6.5, 14.01, 7.75],
			"to": [7.5, 16, 8.25],
			"rotation": {"angle": -45, "axis": "y", "origin": [8, 8, 8]},
			"faces": {
				"north": {"uv": [5, 0, 6, 2], "texture": "#chain"},
				"east": {"uv": [5, 0, 6, 2], "texture": "#chain"},
				"south": {"uv": [5, 2, 6, 0], "rotation": 180, "texture": "#chain"},
				"west": {"uv": [5, 0, 6, 2], "texture": "#chain"},
				"up": {"uv": [5, 0, 6, 1], "rotation": 180, "texture": "#chain", "cullface": "up"},
				"down": {"uv": [5, 1, 6, 2], "texture": "#chain"}
			}
		},
		{
			"name": "Chain",
			"from": [6.5, 12.0085, 7.751],
			"to": [9.5, 13.0085, 8.25],
			"rotation": {"angle": -45, "axis": "y", "origin": [8, 8, 8]},
			"faces": {
				"north": {"uv": [3, 3, 6, 4], "texture": "#chain"},
				"east": {"uv": [3, 3, 4, 4], "texture": "#chain"},
				"south": {"uv": [3, 3, 6, 4], "rotation": 180, "texture": "#chain"},
				"west": {"uv": [5, 3, 6, 4], "texture": "#chain"},
				"up": {"uv": [3, 3, 6, 4], "rotation": 180, "texture": "#chain"},
				"down": {"uv": [3, 3, 6, 4], "texture": "#chain"}
			}
		},
		{
			"name": "Chain",
			"from": [6.5, 10.006, 7.75],
			"to": [7.5, 12.01, 8.25],
			"rotation": {"angle": -45, "axis": "y", "origin": [8, 8, 8]},
			"faces": {
				"north": {"uv": [5, 4, 6, 6], "texture": "#chain"},
				"east": {"uv": [5, 4, 6, 6], "texture": "#chain"},
				"south": {"uv": [5, 4, 6, 6], "rotation": 180, "texture": "#chain"},
				"west": {"uv": [5, 4, 6, 6], "texture": "#chain"}
			}
		},
		{
			"name": "Chain",
			"from": [6.5, 8.999, 7.751],
			"to": [9.5, 10.007, 8.25],
			"rotation": {"angle": -45, "axis": "y", "origin": [8, 8, 8]},
			"faces": {
				"north": {"uv": [3, 6, 6, 7], "texture": "#chain"},
				"east": {"uv": [3, 6, 4, 7], "texture": "#chain"},
				"south": {"uv": [3, 6, 6, 7], "rotation": 180, "texture": "#chain"},
				"west": {"uv": [5, 6, 6, 7], "texture": "#chain"},
				"up": {"uv": [3, 6, 6, 7], "rotation": 180, "texture": "#chain"},
				"down": {"uv": [3, 6, 6, 7], "rotation": 180, "texture": "#chain"}
			}
		},
		{
			"name": "Chain",
			"from": [8.5, 8.999, 7.75],
			"to": [9.5, 13.0085, 8.25],
			"rotation": {"angle": -45, "axis": "y", "origin": [8, 8, 8]},
			"faces": {
				"north": {"uv": [3, 3, 4, 7], "texture": "#chain"},
				"east": {"uv": [3, 3, 4, 7], "texture": "#chain"},
				"south": {"uv": [3, 7, 4, 3], "rotation": 180, "texture": "#chain"},
				"west": {"uv": [3, 3, 4, 7], "texture": "#chain"},
				"up": {"uv": [3, 3, 4, 4], "rotation": 180, "texture": "#chain"},
				"down": {"uv": [3, 6, 4, 7], "rotation": 90, "texture": "#chain"}
			}
		},
		{
			"name": "Chain",
			"from": [6.5, 6.004, 7.751],
			"to": [9.5, 7.005, 8.25],
			"rotation": {"angle": -45, "axis": "y", "origin": [8, 8, 8]},
			"faces": {
				"north": {"uv": [4, 9, 6, 10], "texture": "#chain"},
				"east": {"uv": [3, 9, 4, 10], "texture": "#chain"},
				"south": {"uv": [4, 9, 6, 10], "rotation": 180, "texture": "#chain"},
				"west": {"uv": [5, 9, 6, 10], "texture": "#chain"},
				"up": {"uv": [6, 10, 3, 9], "texture": "#chain"},
				"down": {"uv": [3, 9, 6, 10], "texture": "#chain"}
			}
		},
		{
			"name": "Chain",
			"from": [6.5, 4.004, 7.75],
			"to": [7.5, 6.004, 8.25],
			"rotation": {"angle": -45, "axis": "y", "origin": [8, 8, 8]},
			"faces": {
				"north": {"uv": [5, 10, 6, 12], "texture": "#chain"},
				"east": {"uv": [5, 10, 6, 12], "texture": "#chain"},
				"south": {"uv": [5, 10, 6, 12], "rotation": 180, "texture": "#chain"},
				"west": {"uv": [5, 10, 6, 12], "texture": "#chain"}
			}
		},
		{
			"name": "Chain",
			"from": [8.5, 0, 7.75],
			"to": [9.5, 2.01, 8.25],
			"rotation": {"angle": -45, "axis": "y", "origin": [8, 8, 8]},
			"faces": {
				"north": {"uv": [3, 14, 4, 16], "texture": "#chain"},
				"east": {"uv": [3, 14, 4, 16], "texture": "#chain"},
				"south": {"uv": [3, 14, 4, 16], "texture": "#chain"},
				"west": {"uv": [3, 14, 4, 16], "texture": "#chain"},
				"up": {"uv": [3, 14, 4, 15], "texture": "#chain"},
				"down": {"uv": [3, 15, 4, 16], "texture": "#chain", "cullface": "down"}
			}
		},
		{
			"name": "Chain",
			"from": [6.5, 0, 7.75],
			"to": [7.5, 2.01, 8.25],
			"rotation": {"angle": -45, "axis": "y", "origin": [8, 8, 8]},
			"faces": {
				"north": {"uv": [5, 14, 6, 16], "texture": "#chain"},
				"east": {"uv": [5, 14, 6, 16], "texture": "#chain"},
				"south": {"uv": [5, 14, 6, 16], "texture": "#chain"},
				"west": {"uv": [5, 14, 6, 16], "texture": "#chain"},
				"up": {"uv": [5, 14, 6, 15], "texture": "#chain"},
				"down": {"uv": [5, 15, 6, 16], "texture": "#chain", "cullface": "down"}
			}
		},
		{
			"name": "Chain",
			"from": [6.5, 1, 7.751],
			"to": [9.5, 2.01, 8.25],
			"rotation": {"angle": -45, "axis": "y", "origin": [8, 8, 8]},
			"faces": {
				"north": {"uv": [3, 14, 6, 15], "texture": "#chain"},
				"east": {"uv": [3, 14, 4, 15], "texture": "#chain"},
				"south": {"uv": [6, 14, 3, 15], "texture": "#chain"},
				"west": {"uv": [5, 14, 6, 15], "texture": "#chain"},
				"up": {"uv": [6, 14, 3, 15], "texture": "#chain"},
				"down": {"uv": [3, 14, 6, 15], "texture": "#chain", "cullface": "down"}
			}
		},
		{
			"name": "Chain",
			"from": [6.5, 2.999, 7.751],
			"to": [9.5, 4.007, 8.25],
			"rotation": {"angle": -45, "axis": "y", "origin": [8, 8, 8]},
			"faces": {
				"north": {"uv": [3, 12, 6, 13], "texture": "#chain"},
				"east": {"uv": [3, 12, 4, 13], "texture": "#chain"},
				"south": {"uv": [3, 12, 6, 13], "rotation": 180, "texture": "#chain"},
				"west": {"uv": [5, 12, 6, 13], "texture": "#chain"},
				"up": {"uv": [3, 13, 6, 12], "rotation": 180, "texture": "#chain"},
				"down": {"uv": [3, 12, 6, 13], "rotation": 180, "texture": "#chain"}
			}
		},
		{
			"name": "Chain",
			"from": [8.5, 2.999, 7.75],
			"to": [9.5, 7.005, 8.25],
			"rotation": {"angle": -45, "axis": "y", "origin": [8, 8, 8]},
			"faces": {
				"north": {"uv": [3, 9, 4, 13], "texture": "#chain"},
				"east": {"uv": [3, 9, 4, 13], "texture": "#chain"},
				"south": {"uv": [3, 13, 4, 9], "rotation": 180, "texture": "#chain"},
				"west": {"uv": [3, 9, 4, 13], "texture": "#chain"},
				"up": {"uv": [3, 9, 4, 10], "rotation": 180, "texture": "#chain"},
				"down": {"uv": [3, 12, 4, 13], "rotation": 180, "texture": "#chain"}
			}
		},
		{
			"name": "Chain",
			"from": [7.75, 11.999, 6.5],
			"to": [8.25, 13.001, 9.5],
			"rotation": {"angle": -45, "axis": "y", "origin": [8, 8, 8]},
			"faces": {
				"north": {"uv": [2, 3, 3, 4], "texture": "#chain"},
				"east": {"uv": [0, 3, 3, 4], "texture": "#chain"},
				"south": {"uv": [0, 3, 1, 4], "texture": "#chain"},
				"west": {"uv": [0, 3, 3, 4], "rotation": 180, "texture": "#chain"},
				"up": {"uv": [0, 3, 3, 4], "rotation": 270, "texture": "#chain"},
				"down": {"uv": [0, 3, 3, 4], "rotation": 90, "texture": "#chain"}
			}
		},
		{
			"name": "Chain",
			"from": [7.75, 14, 6.5],
			"to": [8.25, 14.9915, 9.5],
			"rotation": {"angle": -45, "axis": "y", "origin": [8, 8, 8]},
			"faces": {
				"north": {"uv": [2, 1, 3, 2], "texture": "#chain"},
				"east": {"uv": [0, 1, 3, 2], "texture": "#chain"},
				"south": {"uv": [0, 1, 1, 2], "texture": "#chain"},
				"west": {"uv": [0, 1, 3, 2], "rotation": 180, "texture": "#chain"},
				"up": {"uv": [0, 1, 3, 2], "rotation": 270, "texture": "#chain"},
				"down": {"uv": [0, 1, 3, 2], "rotation": 90, "texture": "#chain"}
			}
		},
		{
			"name": "Chain",
			"from": [7.75, 13, 6.5],
			"to": [8.25, 14.001, 7.5],
			"rotation": {"angle": -45, "axis": "y", "origin": [8, 8, 8]},
			"faces": {
				"north": {"uv": [2, 2, 3, 3], "texture": "#chain"},
				"east": {"uv": [2, 2, 3, 3], "texture": "#chain"},
				"south": {"uv": [2, 2, 3, 3], "texture": "#chain"},
				"west": {"uv": [2, 2, 3, 3], "rotation": 180, "texture": "#chain"}
			}
		},
		{
			"name": "Chain",
			"from": [7.75, 13, 8.5],
			"to": [8.25, 14.001, 9.5],
			"rotation": {"angle": -45, "axis": "y", "origin": [8, 8, 8]},
			"faces": {
				"north": {"uv": [0, 2, 1, 3], "texture": "#chain"},
				"east": {"uv": [0, 2, 1, 3], "texture": "#chain"},
				"south": {"uv": [0, 2, 1, 3], "texture": "#chain"},
				"west": {"uv": [0, 2, 1, 3], "rotation": 180, "texture": "#chain"}
			}
		},
		{
			"name": "Chain",
			"from": [7.75, 9, 6.5],
			"to": [8.25, 9.9915, 9.5],
			"rotation": {"angle": -45, "axis": "y", "origin": [8, 8, 8]},
			"faces": {
				"north": {"uv": [2, 6, 3, 7], "texture": "#chain"},
				"east": {"uv": [0, 6, 3, 7], "texture": "#chain"},
				"south": {"uv": [0, 6, 1, 7], "texture": "#chain"},
				"west": {"uv": [0, 6, 3, 7], "rotation": 180, "texture": "#chain"},
				"up": {"uv": [0, 6, 3, 7], "rotation": 270, "texture": "#chain"},
				"down": {"uv": [3, 14, 6, 14.5], "rotation": 270, "texture": "#chain"}
			}
		},
		{
			"name": "Chain",
			"from": [7.75, 7, 6.5],
			"to": [8.25, 9, 7.5],
			"rotation": {"angle": -45, "axis": "y", "origin": [8, 8, 8]},
			"faces": {
				"north": {"uv": [2, 7, 3, 9], "texture": "#chain"},
				"east": {"uv": [2, 7, 3, 9], "texture": "#chain"},
				"south": {"uv": [2, 7, 3, 9], "texture": "#chain"},
				"west": {"uv": [2, 7, 3, 9], "rotation": 180, "texture": "#chain"}
			}
		},
		{
			"name": "Chain",
			"from": [7.75, 7, 8.5],
			"to": [8.25, 9, 9.5],
			"rotation": {"angle": -45, "axis": "y", "origin": [8, 8, 8]},
			"faces": {
				"north": {"uv": [0, 7, 1, 9], "texture": "#chain"},
				"east": {"uv": [0, 7, 1, 9], "texture": "#chain"},
				"south": {"uv": [0, 7, 1, 9], "texture": "#chain"},
				"west": {"uv": [0, 7, 1, 9], "texture": "#chain"}
			}
		},
		{
			"name": "Chain",
			"from": [7.75, 5.999, 6.5],
			"to": [8.25, 7.001, 9.5],
			"rotation": {"angle": -45, "axis": "y", "origin": [8, 8, 8]},
			"faces": {
				"north": {"uv": [2, 9, 3, 10], "texture": "#chain"},
				"east": {"uv": [0, 9, 3, 10], "texture": "#chain"},
				"south": {"uv": [0, 9, 1, 10], "texture": "#chain"},
				"west": {"uv": [0, 9, 3, 10], "rotation": 180, "texture": "#chain"},
				"up": {"uv": [0, 9, 3, 10], "rotation": 270, "texture": "#chain"},
				"down": {"uv": [0, 9, 3, 10], "rotation": 90, "texture": "#chain"}
			}
		},
		{
			"name": "Chain",
			"from": [7.75, 1.01, 6.5],
			"to": [8.25, 2, 9.5],
			"rotation": {"angle": -45, "axis": "y", "origin": [8, 8, 8]},
			"faces": {
				"north": {"uv": [2, 14, 3, 15], "texture": "#chain"},
				"east": {"uv": [0, 14, 3, 15], "texture": "#chain"},
				"south": {"uv": [0, 14, 1, 15], "texture": "#chain"},
				"west": {"uv": [0, 14, 3, 15], "rotation": 180, "texture": "#chain"},
				"up": {"uv": [0, 14, 3, 15], "rotation": 270, "texture": "#chain"},
				"down": {"uv": [0, 14, 3, 15], "rotation": 90, "texture": "#chain"}
			}
		},
		{
			"name": "Chain",
			"from": [7.75, 3, 6.5],
			"to": [8.25, 3.99, 9.5],
			"rotation": {"angle": -45, "axis": "y", "origin": [8, 8, 8]},
			"faces": {
				"north": {"uv": [2, 12, 3, 13], "texture": "#chain"},
				"east": {"uv": [0, 12, 3, 13], "texture": "#chain"},
				"south": {"uv": [0, 12, 1, 13], "texture": "#chain"},
				"west": {"uv": [0, 12, 3, 13], "rotation": 180, "texture": "#chain"},
				"up": {"uv": [0, 12, 3, 13], "rotation": 270, "texture": "#chain"},
				"down": {"uv": [3, 14, 6, 15], "rotation": 270, "texture": "#chain"}
			}
		},
		{
			"name": "Chain",
			"from": [7.75, 2, 8.5],
			"to": [8.25, 3, 9.5],
			"rotation": {"angle": -45, "axis": "y", "origin": [8, 8, 8]},
			"faces": {
				"north": {"uv": [0, 13, 1, 14], "texture": "#chain"},
				"east": {"uv": [0, 13, 1, 14], "texture": "#chain"},
				"south": {"uv": [0, 13, 1, 14], "texture": "#chain"},
				"west": {"uv": [0, 13, 1, 14], "rotation": 180, "texture": "#chain"}
			}
		},
		{
			"name": "Chain",
			"from": [7.75, 2, 6.5],
			"to": [8.25, 3, 7.5],
			"rotation": {"angle": -45, "axis": "y", "origin": [8, 8, 8]},
			"faces": {
				"north": {"uv": [2, 13, 3, 14], "texture": "#chain"},
				"east": {"uv": [2, 13, 3, 14], "texture": "#chain"},
				"south": {"uv": [2, 13, 3, 14], "texture": "#chain"},
				"west": {"uv": [2, 13, 3, 14], "rotation": 180, "texture": "#chain"}
			}
		}
	],
	"groups": [
		{
			"name": "Right Chain link",
			"origin": [8, 8, 8],
			"color": 0,
			"children": [0, 1, 2, 3, 4, 5, 6, 7, 8, 9, 10, 11, 12, 13]
		},
		{
			"name": "Left Chain Link",
			"origin": [8, 8, 8],
			"color": 0,
			"children": [14, 15, 16, 17, 18, 19, 20, 21, 22, 23, 24, 25]
		}
	]
}