{
	"sources": [
		{
			"type": "minecraft:directory",
			"prefix": "model/",
			"source": "model"
		},
		{
			"type": "minecraft:directory",
			"prefix": "sprite/",
			"source": "sprite"
		},
		{
			"type": "minecraft:single",
			"resource": "entity/armorstand/wood"
		},
		{
			"type": "minecraft:directory",
			"prefix": "entity/axolotl/",
			"source": "entity/axolotl"
		},
		{
			"type": "minecraft:directory",
			"prefix": "entity/boat/",
			"source": "entity/boat"
		},
		{
			"type": "minecraft:single",
			"resource": "entity/chest/normal"
		},
		{
			"type": "minecraft:directory",
			"prefix": "entity/chest_boat/",
			"source": "entity/chest_boat"
		},
		{
			"type": "minecraft:single",
			"resource": "entity/end_crystal/end_crystal"
		},
		{
			"type": "minecraft:directory",
			"prefix": "entity/equipment/happy_ghast_body/",
			"source": "entity/equipment/happy_ghast_body"
		},
		{
			"type": "minecraft:directory",
			"prefix": "entity/equipment/horse_body/",
			"source": "entity/equipment/horse_body"
		},
		{
			"type": "minecraft:directory",
			"prefix": "entity/equipment/humanoid/",
			"source": "entity/equipment/humanoid"
		},
		{
			"type": "minecraft:directory",
			"prefix": "entity/equipment/humanoid_leggings/",
			"source": "entity/equipment/humanoid_leggings"
		},
		{
			"type": "minecraft:single",
			"resource": "minecraft:entity/equipment/pig_saddle/saddle"
		},
		{
			"type": "minecraft:single",
			"resource": "entity/equipment/wings/elytra"
		},
		{
			"type": "minecraft:directory",
			"prefix": "entity/equipment/wolf_body/",
			"source": "entity/equipment/wolf_body"
		},
		{
			"type": "minecraft:directory",
			"prefix": "entity/fish/",
			"source": "entity/fish"
		},
		{
			"type": "minecraft:directory",
			"prefix": "entity/projectiles/",
			"source": "entity/projectiles"
		},
		{
			"type": "minecraft:single",
			"resource": "entity/shulker/shulker"
		},
		{
			"type": "minecraft:directory",
			"prefix": "entity/signs/hanging/",
			"source": "entity/signs/hanging"
		},
		{
			"type": "minecraft:single",
			"resource": "entity/tadpole/tadpole"
		},
		{
			"type": "minecraft:single",
			"resource": "entity/wolf/wolf_armor_crackiness_high"
		},
		{
			"type": "minecraft:single",
			"resource": "entity/wolf/wolf_armor_crackiness_low"
		},
		{
			"type": "minecraft:single",
			"resource": "entity/wolf/wolf_armor_crackiness_medium"
		},
		{
			"type": "minecraft:single",
			"resource": "entity/minecart"
		},
		{
			"type": "minecraft:single",
			"resource": "map/map_background"
		},
		{
			"type": "minecraft:single",
			"resource": "map/map_background_checkerboard"
		},
		{
			"type": "minecraft:single",
			"resource": "painting/back"
		},
        {
            "type": "minecraft:paletted_permutations",
            "palette_key": "trims/color_palettes/trim_palette",
            "permutations": {
                "amethyst": "trims/color_palettes/amethyst",
                "copper": "trims/color_palettes/copper",
                "copper_darker": "trims/color_palettes/copper_darker",
                "diamond": "trims/color_palettes/diamond",
                "diamond_darker": "trims/color_palettes/diamond_darker",
                "emerald": "trims/color_palettes/emerald",
                "gold": "trims/color_palettes/gold",
                "gold_darker": "trims/color_palettes/gold_darker",
                "iron": "trims/color_palettes/iron",
                "iron_darker": "trims/color_palettes/iron_darker",
                "lapis": "trims/color_palettes/lapis",
                "netherite": "trims/color_palettes/netherite",
                "netherite_darker": "trims/color_palettes/netherite_darker",
                "quartz": "trims/color_palettes/quartz",
                "redstone": "trims/color_palettes/redstone",
                "resin": "trims/color_palettes/resin"
            },
            "textures": [
                "trims/entity/humanoid/coast",
                "trims/entity/humanoid/wild",
                "trims/entity/humanoid_leggings/shaper",
                "trims/entity/humanoid/ward"
            ]
        }
	]
}